pid,age
175,22
189,
192,22
229,21
232,22
310,21
357,21
360,
372,26
386,
644,18
657,18
774,
835,21
1112,25
1130,
1197,22
1696,18
1699,
1874,21
1888,
1891,
1937,22
2051,
2247,20
2279,18
2361,17
2374,22
2914,19
3055,
3075,18
3077,
3154,20
3253,21
3254,21
3361,19
3384,
3387,22
3476,
3503,18
3511,22
3662,29
3679,21
4020,20
4084,19
4105,
4139,28
4145,21
4159,20
4163,16
4177,18
4241,18
4246,20
4275,
4388,23
4435,
4439,
4449,47
4469,
4549,22
4568,
4604,23
4611,23
4630,22
4639,22
4645,18
4750,22
4755,20
4758,21
4954,
4998,26
5021,
5049,
5051,22
5061,19
5065,29
5067,26
5076,21
5138,
5235,22
5238,24
5248,
5277,25
5293,26
5299,23
5370,
5545,21
5546,22
5549,23
5584,21
5611,23
5732,19
5779,
5888,18
5935,
5980,20
6127,25
6207,23
6216,24
6237,
6282,
6287,
6545,
6577,20
6613,25
6693,
6695,21
6756,
6762,19
6839,19
6884,23
6903,23
6914,22
6921,23
6954,23
7014,23
7029,21
7154,27
7196,22
7241,19
7313,19
7331,21
7392,21
7462,21
7467,
7532,27
7578,25
7595,20
7645,23
7667,23
7678,
7691,28
7693,24
7719,
7733,17
7755,17
7759,17
7839,26
7854,22
8122,28
8177,23
8216,
8325,23
8346,20
8357,
8413,3
8514,19
8517,26
8626,22
8697,25
8709,21
8720,25
8727,18
8732,20
8746,20
8786,23
8794,27
8875,25
8885,
8894,20
8920,19
8934,17
8999,20
9037,25
9069,24
9074,20
9159,20
9166,20
9222,21
9235,19
9236,21
9245,25
9268,22
9269,22
9303,29
9398,23
9433,18
9526,24
9588,25
9605,21
9650,27
9657,29
9703,
9725,18
9761,34
9878,22
10030,
10090,24
10101,
10143,22
10162,21
10165,20
10211,21
10213,20
10214,21
10218,24
10251,
10288,21
10290,21
10293,
10300,18
10375,21
10378,29
10385,21
10440,
10447,21
10450,20
10456,
10457,25
10530,20
10543,22
10586,21
10591,23
10614,23
10715,23
10747,26
10752,
10767,27
10794,
10845,
10846,23
11059,18
11095,19
11140,
11212,
11215,22
11216,22
11220,21
11236,
11305,25
11321,20
11655,23
11661,28
11710,23
11864,21
11874,
11897,19
11954,20
12101,25
12114,24
12173,21
12236,25
12240,26
12243,22
12270,22
12275,20
12343,
12344,25
12369,
12403,
12435,
12463,
12547,24
12564,23
12569,21
12601,19
12632,26
12635,23
12637,25
12668,26
12686,26
12705,26
12708,17
12720,29
12735,
12922,
12928,20
13029,34
13061,21
13076,19
13143,22
13166,20
13187,23
13196,24
13248,25
13267,25
13306,21
13386,
13406,23
13445,21
13459,21
13467,25
13682,19
13803,
13826,
13834,24
14037,17
14052,20
14060,23
14152,22
14260,
14289,25
14310,26
14368,18
14491,
14527,28
14536,
14538,21
14717,21
14721,19
14771,24
14787,
14804,22
14909,23
14968,25
15225,
15372,21
15463,21
15506,20
15566,21
15793,
15836,21
15847,
15916,
15935,26
16028,21
16152,19
16207,24
16208,22
16459,
16509,
16694,23
16771,23
16877,
17180,29
17382,21
17393,
17395,23
17681,
17714,21
17718,
17870,18
17968,
18077,19
18098,25
18204,17
18356,26
18373,24
18517,18
18555,27
18556,26
18558,26
18638,23
18811,37
18855,29
18902,18
18925,26
18941,21
19050,
19074,25
19107,23
19257,28
19372,19
19373,
19493,
19535,22
19678,
19784,22
19842,30
20012,22
20050,
20051,26
20082,
20112,23
20126,20
20150,17
20473,
20566,
20718,
20720,26
21125,
21201,23
21355,20
21357,
21417,20
21422,21
21426,21
21436,
21440,18
21447,21
21536,21
21538,19
21542,17
21546,21
21547,21
21550,21
21551,21
21554,17
21556,22
21572,20
21578,22
21630,24
21751,
22059,19
22080,24
22528,20
22570,
22571,21
22572,28
22603,18
22608,23
22618,
22649,21
22737,25
22847,
22853,18
22940,21
23156,20
23176,22
23371,21
23606,21
23827,23
23900,20
24052,
24069,23
24194,19
24248,
24386,23
24424,
24474,19
24675,26
24695,24
25005,23
25214,
25262,29
25364,21
25442,19
25514,23
25639,26
25662,20
25710,17
25734,21
25787,
26134,20
26214,26
26228,23
26233,22
26261,21
26482,18
26714,
26812,22
26834,17
26872,
26931,18
26950,
26976,24
27091,
27211,
27364,
27561,
27619,
27951,20
27984,20
28018,23
28037,19
28068,15
28102,24
28299,
28300,20
28309,23
28421,
28453,22
28473,
28501,
28552,18
28583,
28588,25
28703,20
28716,23
28761,22
28762,23
28772,27
28790,21
28799,19
28845,26
28846,
28852,28
28855,24
28861,
28864,26
28865,23
28921,21
28958,22
28960,23
29091,
29219,17
29254,20
29562,20
29570,18
29599,19
29877,18
29878,19
29949,
30025,21
30074,27
30134,22
30135,20
30155,22
30156,22
30170,18
30214,21
30249,22
30513,24
30656,19
30735,18
30777,18
30817,
31023,24
31108,
31110,20
31114,21
31117,
31118,19
31187,18
31188,
31193,22
31199,20
31200,21
31204,20
31206,20
31208,20
31302,19
31349,20
31351,21
31355,19
31359,21
31361,
31362,21
31363,
31365,21
31380,
31383,21
31384,
31387,
31388,21
31399,17
31438,19
31442,
31450,23
31451,21
31455,22
31483,
31666,
31740,21
31751,23
31782,
32027,23
32238,20
32294,23
32306,17
32341,25
32344,22
32348,26
32351,22
32394,
32405,
32483,22
32487,
32552,26
32629,23
32672,24
32678,
32754,24
32788,17
32807,21
32822,23
32866,
32891,18
32976,22
33014,23
33038,20
33158,22
33226,21
33293,22
33307,19
33309,21
33310,19
33311,21
33312,19
33322,
33343,25
33376,21
33395,18
33434,26
33501,24
33622,17
33752,24
33755,
33761,23
33829,20
33877,17
33926,23
34053,
34067,17
34271,20
34474,
34627,25
34707,21
34764,17
34921,
34922,28
35000,25
35004,24
35148,
35195,23
35269,22
35305,29
35386,25
35424,20
35534,26
35684,
35729,19
35954,21
36013,18
36197,
36249,20
36258,18
36309,23
36576,
36580,18
36931,21
36934,28
36991,21
37119,19
37160,
37176,24
37312,21
37343,20
37413,25
37430,
37474,
37626,
37831,17
38040,
38047,20
38101,19
38220,20
38321,27
38386,18
38424,
38525,18
38558,23
38712,18
38771,23
38804,23
38847,19
38949,20
39140,26
39187,
39189,19
39265,23
39267,21
39407,28
39459,24
39470,
39546,
39566,22
39629,19
39682,
39686,18
39714,19
40026,
40044,21
40049,24
40083,21
40142,18
40229,
40250,22
40336,19
40427,23
40496,
40807,
40881,22
40884,19
41283,22
41370,23
41442,31
41455,26
41592,18
41626,27
41636,20
41684,21
41767,
41895,27
41960,
41968,22
41982,21
42026,19
42035,21
42051,
42055,24
42070,
42079,22
42080,
42084,22
42148,18
42153,
42155,23
42170,20
42190,25
42302,20
42405,24
42517,17
42617,19
42692,24
42708,25
42799,
42831,21
42899,21
42944,20
42973,21
43031,20
43065,
43073,
43094,21
43137,24
43369,18
43378,23
43391,25
43400,18
43519,22
43522,20
43559,22
43572,
43581,23
43634,
43635,22
43638,20
43639,19
43640,19
43641,19
43643,
43645,
43647,20
43651,
43653,
43657,20
43711,19
43720,22
43723,
43725,
43740,18
43760,
43762,19
43767,23
43823,20
43835,
43841,20
43883,20
43885,19
43987,22
44039,22
44044,21
44053,19
44121,
44177,21
44181,
44204,23
44249,20
44261,21
44283,25
44303,
44334,22
44377,21
44490,19
44566,
44625,19
44649,18
44735,
44762,
44871,24
44881,29
44925,23
44932,20
44939,30
45174,
45220,24
45281,17
45394,
45483,20
45552,26
45585,
45645,26
45696,18
45726,21
45763,24
45822,
45910,25
45940,
46007,24
46010,22
46046,
46146,19
46164,28
46170,22
46171,
46242,25
46247,24
46249,21
46309,21
46325,22
46326,
46337,22
46363,
46391,26
46406,20
46407,21
46425,23
46567,36
46610,22
46666,21
46716,
46864,25
46867,25
46956,
47101,24
47124,19
47128,22
47448,19
47488,24
47496,22
47499,
47547,
47674,
47679,22
47702,19
47722,22
47735,
47761,20
47780,
47782,21
47784,21
47789,20
47823,20
47828,18
47844,21
47859,21
47863,12
48099,22
48104,18
48304,24
48325,
48346,23
48419,20
48526,21
48530,21
48603,28
48661,20
48674,19
48682,
48707,23
48709,22
48734,17
48762,20
48782,
48789,21
48825,
48985,16
49002,31
49118,
49142,29
49223,22
49302,23
49323,20
49325,19
49401,
49594,23
49693,20
49713,24
49715,19
49720,21
49759,17
49868,
49883,21
49958,18
49983,
50014,28
50045,21
50065,18
50441,23
50849,22
50882,20
50915,19
51204,26
51280,29
51356,4
51474,23
51509,24
51545,
51566,
51628,
51720,24
51762,
51770,22
51823,25
51845,19
51903,20
52005,23
52040,23
52060,21
52083,16
52145,
52147,26
52159,20
52192,25
52224,25
52229,28
52409,21
52705,
52829,22
52899,22
52976,24
52981,18
52982,18
52998,
53099,
53103,19
53111,16
53113,21
53185,23
53192,
53193,23
53248,21
53336,26
53367,19
53369,19
53372,
53421,
53426,
53497,23
53751,21
53779,20
53885,19
53998,23
54024,26
54070,17
54071,18
54080,20
54121,19
54123,22
54125,19
54137,18
54148,
54244,
54358,18
54517,35
54521,
54535,17
54607,11
54609,18
54633,27
54646,22
54648,31
54752,
54794,21
54861,23
54871,26
54907,
54918,
55006,16
55062,23
55159,23
55219,20
55221,23
55419,20
55442,21
55626,
55685,25
55738,19
55749,20
55807,22
55821,27
55822,
55823,17
55824,
55827,18
55846,27
55885,19
55888,21
55890,18
55892,21
55910,18
55914,28
56013,17
56019,
56056,
56061,20
56072,26
56074,
56082,20
56086,18
56142,
56209,22
56211,
56215,20
56217,20
56225,17
56228,19
56279,
56295,21
56296,24
56298,21
56300,21
56303,
56304,20
56307,20
56308,23
56309,
56311,
56312,
56356,21
56425,18
56433,20
56437,
56439,22
56443,
56449,20
56453,21
56575,22
56578,19
56582,21
56583,
56592,21
56595,
56597,20
56604,
56608,22
56666,18
56670,19
56676,20
56683,21
56687,20
56735,20
56762,20
56764,20
56767,21
56769,19
56770,20
56773,21
56774,20
56813,26
56818,21
56888,
56893,19
56898,22
56903,20
56945,22
56959,23
56961,23
56963,
56967,
56968,22
56971,20
56979,35
56982,19
57016,
57036,
57038,20
57046,24
57183,19
57258,18
57299,
57380,18
57589,26
57733,23
57737,25
57752,25
57784,24
57807,22
57809,21
57815,
57836,20
57871,25
57877,21
57878,
57918,27
57966,21
57975,20
57982,18
57986,19
58063,21
58069,
58096,22
58100,21
58102,22
58117,29
58128,25
58135,22
58159,24
58160,19
58240,19
58274,21
58281,
58287,27
58299,17
58324,28
58419,26
58424,26
58491,
58530,18
58538,18
58843,24
58854,23
58870,
59033,23
59085,16
59109,20
59114,
59119,22
59130,18
59333,22
59415,22
59437,17
59442,17
59575,23
59583,19
59693,21
59720,21
59735,21
59771,23
59872,23
59916,33
59970,
59974,19
59995,32
60222,
60324,23
60357,30
60486,23
60490,21
60504,19
60533,24
60537,25
60616,21
60648,
60711,24
60715,21
60722,19
60752,19
60945,23
61001,24
61008,24
61022,20
61025,
61134,23
61150,25
61158,36
61189,
61342,21
61349,16
61389,21
61394,22
61408,20
61411,21
61427,
61441,21
61485,23
61491,23
61504,18
61550,
61580,
61598,23
61663,
61688,23
61689,26
62065,19
62172,23
62186,30
62297,21
62314,
62337,
62357,41
62359,24
62438,22
62466,33
62586,22
62623,20
62671,2
62847,
62885,18
62987,
63142,25
63159,21
63180,21
63297,23
63298,
63300,112
63529,24
63536,24
63560,24
63794,
63957,
63962,21
64032,22
64139,20
64197,20
64224,24
64372,21
64439,20
64550,28
64554,21
64582,21
64683,21
64750,21
64957,24
65084,18
65091,19
65137,
65155,21
65179,15
65319,
65438,21
65877,24
65902,
65924,26
66087,11
66106,
66223,24
66328,22
66454,21
66521,19
66671,20
66772,40
66854,21
66895,18
66906,23
66944,
66966,21
67058,21
67132,24
67159,22
67439,
67521,28
67586,23
67834,15
67857,27
68019,25
68055,
68117,43
68138,27
68191,19
68327,
68360,
68369,
68510,
68552,
68587,22
68652,
68688,21
68718,24
68727,20
68930,26
68931,22
68971,23
68972,28
68976,29
68979,
69047,
69084,21
69101,21
69135,19
69152,17
69163,26
69182,20
69260,25
69352,21
69389,
69431,22
69461,20
69488,
69836,25
69876,
69895,25
69909,25
69917,20
70017,
70098,21
70134,
70150,19
70161,26
70173,21
70174,21
70266,
70393,22
70410,22
70580,25
70701,26
70762,24
70837,11
70853,23
70854,23
70914,20
70915,27
70941,28
70965,21
70989,21
71019,29
71060,20
71117,18
71189,
71463,
71786,25
71857,19
71892,25
71949,27
71962,23
71986,22
72000,24
72063,
72070,22
72071,
72325,23
72495,
72594,19
72693,20
72809,22
72898,20
72972,19
72982,18
73108,
73137,21
73148,21
73162,26
73234,18
73353,22
73477,
73565,21
73577,24
73653,24
73686,22
73698,23
73728,20
73743,24
73784,21
73805,21
73865,18
73888,
73910,19
73988,22
73998,22
74120,
74239,
74288,20
74295,21
74357,26
74424,20
74426,20
74522,24
74554,23
74563,20
74663,18
74718,16
74797,18
74798,24
74799,
74871,18
74914,
74945,26
74953,19
74980,21
74989,
75027,24
75058,22
75272,19
75382,20
75419,
75422,
75461,32
75496,17
75561,22
75746,23
75748,19
75878,
75923,28
76358,
76545,21
76691,20
76758,20
76760,19
76763,24
76818,23
76822,
76826,
76888,22
76894,19
76928,
77022,20
77042,21
77154,23
77224,20
77329,22
77333,23
77550,22
77616,
77665,20
77677,
77701,21
77738,27
77884,20
77983,30
78040,21
78071,20
78257,23
78286,20
78372,
78414,20
78454,19
78465,19
78563,19
78575,20
78663,20
78826,26
78849,20
78887,23
78994,
79023,
79030,29
79036,27
79089,23
79146,21
79179,23
79310,23
79332,
79347,20
79405,18
79430,19
79459,21
79643,20
79647,18
79718,19
79792,22
79828,26
79898,22
79936,22
79950,24
79958,28
79986,22
80001,16
80010,19
80016,20
80075,22
80138,20
80139,
80173,20
80196,20
80202,21
80260,
80304,23
80327,23
80331,25
80351,22
80364,
80392,
80432,19
80438,22
80449,18
80515,21
80524,22
80530,23
80531,
80536,21
80591,19
80598,21
80652,
80749,20
80752,
80841,
80856,18
80866,20
80943,24
80960,18
81029,
81071,18
81141,19
81146,
81154,
81205,
81230,
81241,17
81255,
81266,12
81424,25
81501,18
81514,28
81604,26
81620,17
81625,17
81643,
81671,
81680,19
81721,23
81774,20
81809,
81812,22
81815,
81816,20
81821,22
81823,23
81882,22
81888,20
81894,23
81912,21
81929,25
81959,21
82019,23
82020,20
82021,22
82024,22
82027,22
82124,23
82128,21
82141,23
82142,22
82207,
82239,21
82520,20
82563,21
82564,19
82574,18
82588,27
82666,20
82679,22
82717,25
82721,24
82766,27
82769,28
82830,
82842,25
82870,25
82902,24
83106,24
83290,
83390,
83431,27
83432,19
83433,22
83560,20
83658,
83794,25
83851,25
83870,25
84084,18
84090,17
84133,
84141,17
84216,
84224,
84242,21
84291,20
84307,24
84318,23
84371,24
84384,32
84387,
84391,22
84433,17
84451,
84476,21
84520,23
84697,
84698,21
84756,21
84757,18
85101,19
85202,26
85203,24
85208,24
85209,27
85215,20
85249,
85265,18
85528,22
85588,
85785,27
85835,20
85869,
85921,25
85968,22
86009,
86134,17
86154,
86491,21
86622,24
86628,20
86631,
86659,26
86667,25
86715,24
86724,21
86844,21
86866,18
86905,24
86914,
86981,22
86987,20
87053,20
87108,22
87188,22
87191,30
87193,26
87195,22
87218,
87257,
87263,24
87264,25
87283,24
87291,23
87294,28
87323,21
87425,29
87504,18
87521,19
87641,
87647,21
87650,23
87652,
87675,24
87698,24
87805,
87881,27
87897,21
87899,24
87973,15
87982,19
88076,22
88084,24
88170,22
88171,21
88256,28
88359,21
88458,27
88459,24
88513,
88515,19
88520,
88534,22
88538,33
88548,29
88551,34
88700,
88716,
88722,26
88723,37
88726,28
88729,
88805,23
88830,17
89126,18
89214,
89276,22
89377,23
89379,23
89381,24
89382,24
89428,22
89445,25
89451,
89452,
89462,21
89489,22
89510,18
89567,22
89641,
89683,23
89685,
89755,
89810,
89814,23
89822,22
89858,20
89864,21
89867,22
89868,23
89870,18
89940,24
89946,21
89948,21
90130,20
90193,21
90363,
90456,23
90464,23
90487,21
90522,25
90624,
90633,21
90659,17
90696,24
90730,22
90774,24
90780,18
90994,
91137,20
91307,20
91452,
91654,15
91742,
91835,17
92013,26
92107,19
92129,25
92151,
92157,
92273,
92538,18
92648,20
92675,19
92686,24
92715,25
92718,22
92785,24
92884,23
92910,
92948,18
92984,19
92985,
93004,22
93005,23
93070,
93104,21
93182,18
93217,
93396,24
93441,24
93449,
93487,
93578,23
93584,21
93608,21
93835,
94067,
94108,
94215,
94414,23
94421,19
94462,19
94502,21
94558,24
94583,
94635,26
94746,21
94749,22
94753,19
94807,
94844,
94936,
94968,26
95010,18
95056,19
95132,
95137,
95141,21
95158,23
95177,
95204,24
95239,18
95332,15
95423,16
95501,17
95502,
95567,19
95711,
95791,20
95938,18
95980,
96033,18
96034,
96079,16
96132,20
96221,21
96252,20
96276,21
96351,
96358,
96424,27
96471,20
96474,23
96478,21
96480,24
96539,
96569,24
96615,
96616,18
96617,
96623,17
96626,16
96655,
96656,31
96670,25
96717,28
96733,22
96741,16
96742,17
96761,
96784,25
96790,20
96839,23
96841,
96882,19
96887,25
97050,
97052,18
97053,17
97054,
97059,18
97066,
97071,24
97136,20
97156,19
97181,25
97287,23
97295,
97396,20
97457,19
97561,23
97682,20
97729,
97763,21
97768,21
97783,
97821,25
97845,
97850,16
97896,22
97998,18
98049,19
98078,
98157,21
98162,
98194,20
98198,
98206,16
98226,23
98256,27
98269,
98310,24
98313,26
98317,18
98320,18
98331,19
98332,19
98334,20
98355,
98360,23
98362,19
98380,19
98386,
98401,21
98404,20
98405,23
98407,18
98408,22
98410,21
98416,18
98418,
98469,19
98509,21
98510,27
98511,
98512,
98513,19
98514,20
98516,19
98517,18
98583,
98653,
98709,
98721,18
98738,
98755,21
98782,17
98790,19
98791,
98793,21
98801,
98820,16
98896,18
98901,18
98905,27
98907,19
98911,20
98913,18
98915,
98920,20
98921,29
98979,16
98993,19
98995,23
98996,21
98997,
98998,25
98999,20
99001,23
99002,24
99003,20
99009,2
99019,22
99074,
99075,21
99076,28
99077,
99080,
99081,20
99085,17
99086,22
99087,18
99090,21
99091,
99092,20
99146,29
99201,
99353,27
99461,17
99492,20
99497,21
99507,20
99589,23
99621,28
99643,24
99665,19
99707,27
99843,18
99982,19
100089,20
100101,
100191,
100239,20
100246,19
100368,19
100568,18
100571,
100573,21
100644,27
100799,22
100802,22
100805,20
100807,23
100879,19
100912,19
100914,
100925,20
100926,22
101249,20
101400,27
101405,20
101407,
101465,19
101487,
101541,22
101550,
101587,24
101625,17
101730,22
101739,
101740,17
101800,
101804,23
101805,
101806,24
101810,23
101874,17
101918,21
101919,23
101936,
101958,24
101983,21
102036,
102037,23
102093,23
102101,21
102103,22
102144,22
102174,19
102192,20
102209,
102216,21
102217,24
102219,24
102224,
102232,24
102234,21
102238,
102242,25
102267,23
102273,22
102366,24
102371,24
102378,22
102401,25
102457,25
102469,23
102541,
102739,20
102759,25
102772,
102793,18
102855,18
102857,20
102928,23
102983,24
103016,25
103054,21
103104,17
103240,
103252,
103288,26
103327,
103372,25
103451,22
103498,20
103519,23
103521,
103563,20
103601,19
103604,23
103707,22
103829,
103938,28
103965,
103967,
104033,18
104076,20
104089,20
104123,21
104175,
104201,22
104213,21
104283,
104375,21
104404,24
104405,24
104485,27
104487,24
104680,22
104700,
104751,22
104864,
104907,27
104918,25
104953,25
104980,21
104989,25
104992,31
105002,24
105008,24
105010,22
105012,23
105035,
105052,
105067,
105071,23
105106,
105110,26
105129,20
105167,23
105179,26
105206,
105219,20
105261,23
105269,25
105281,18
105284,18
105306,20
105424,20
105506,22
105553,23
105561,23
105566,21
105646,23
105738,25
105746,
105763,
105777,22
105884,21
105887,23
105888,21
105893,
105898,24
105900,22
105911,23
105914,
105980,
105987,
105996,24
106037,29
106084,25
106085,20
106091,20
106094,19
106115,
106125,24
106155,24
106196,24
106228,
106231,25
106236,24
106237,24
106314,
106386,25
106395,
106511,
106512,
106522,22
106531,
106579,22
106602,17
106715,20
106858,19
107063,21
107107,23
107153,
107185,26
107213,18
107246,24
107247,27
107337,20
107463,18
107542,18
107550,27
107644,28
107676,27
107730,24
107794,21
107938,
107944,23
107956,
108134,24
108170,25
108171,
108207,
108265,22
108353,23
108356,
108397,20
108434,25
108492,19
108518,20
108522,19
108526,
108530,20
108532,19
108533,
108549,
108589,21
108750,
108791,23
108928,
108944,26
109082,20
109094,24
109138,19
109148,21
109152,21
109235,30
109433,17
109674,27
109698,
109731,22
109741,21
109756,30
109813,18
109899,
110034,21
110216,21
110220,
110287,19
110326,22
110379,18
110423,
110455,21
110463,21
110470,21
110471,
110529,20
110574,23
110588,22
110589,19
110592,
110594,21
110595,25
110596,20
110597,21
110613,25
110623,
110629,32
110652,
110682,21
110693,20
110696,24
110698,20
110760,21
110761,
110762,22
110764,
110766,23
110767,25
110769,22
110771,29
110794,24
110919,
110937,25
111020,
111040,
111055,29
111204,28
111247,23
111459,19
111463,20
111525,
111526,24
111537,20
111544,
111617,22
111654,25
111733,22
111899,26
112047,
112049,20
112078,23
112173,
112228,
112235,20
112270,18
112317,21
112415,
112420,24
112584,21
112600,28
112603,20
112660,
112792,16
112805,27
112825,13
112921,
113040,21
113054,20
113087,
113168,22
113173,26
113191,25
113468,
113564,22
113604,
113623,22
113710,
113733,
113782,
113813,29
113963,24
113990,19
114110,27
114134,21
114140,21
114142,20
114160,19
114179,22
114180,20
114181,21
114282,21
114283,24
114314,
114378,
114399,18
114439,24
114445,24
114516,22
114522,19
114546,25
114560,
114567,20
114580,19
114656,
114657,
114757,
114798,23
114863,23
114957,22
115042,
115073,21
115091,24
115216,34
115325,
115329,20
115355,21
115435,20
115455,
115507,24
115543,23
115717,
115754,
115915,
116128,24
116134,24
116171,20
116175,
116229,20
116230,
116250,18
116253,26
116254,19
116308,22
116362,25
116364,20
116385,22
116399,21
116417,24
116424,19
116452,24
116459,28
116472,23
116473,24
116480,24
116501,21
116519,24
116525,24
116526,24
116544,24
116566,22
116580,20
116581,22
116605,26
116622,25
116624,22
116627,20
116630,21
116651,
116686,26
116699,
116708,
116721,26
116725,
116743,24
116748,
116757,
116782,24
116798,25
116832,24
116864,20
116898,24
116936,26
116942,19
117000,26
117001,29
117031,
117036,21
117082,23
117164,22
117168,
117213,23
117250,21
117255,
117308,
117341,
117350,17
117439,
117467,
117603,23
117652,28
117694,18
117701,23
117728,28
117734,23
117837,
117881,23
117896,28
117902,
117906,20
117907,27
117913,26
117917,26
118026,
118028,21
118038,21
118040,22
118042,21
118075,18
118087,19
118095,21
118101,23
118107,
118142,25
118156,23
118179,20
118239,23
118241,22
118242,22
118302,
118310,24
118323,23
118332,
118333,20
118334,21
118337,
118338,21
118377,19
118379,22
118380,24
118385,20
118391,20
118425,29
118437,25
118442,66
118443,21
118457,31
118464,23
118514,20
118529,23
118532,21
118535,23
118538,24
118539,27
118541,21
118544,
118548,25
118559,21
118604,
118607,20
118611,
118624,20
118627,33
118741,24
118747,16
118780,24
118911,20
118941,22
118946,18
118949,21
118958,24
119003,22
119081,16
119155,28
119215,26
119243,21
119247,30
119263,112
119287,20
119351,
119399,24
119409,
119448,29
119483,21
119574,26
119579,23
119596,
119640,24
119696,20
119837,22
119883,
119946,26
119963,
120002,23
120003,23
120007,
120054,25
120062,25
120063,27
120071,23
120117,25
120118,25
120119,22
120121,22
120126,26
120276,
120283,
120427,
120431,25
120493,20
120598,23
120698,24
121371,
121590,21
121637,24
121657,17
121679,
121693,21
121723,21
121738,
121744,25
121858,
121871,22
121877,
121881,
121895,25
121920,23
121971,21
122019,20
122060,21
122065,20
122081,22
122091,24
122107,24
122159,19
122172,21
122180,
122241,20
122286,61
122298,
122353,22
122388,25
122430,
122445,17
122470,19
122472,23
122550,
122609,
122612,20
122613,24
122736,22
123049,
123050,23
123051,23
123052,
123056,23
123107,22
123110,22
123116,
123119,23
123124,
123153,26
123208,21
123213,23
123216,22
123218,21
123223,21
123225,28
123227,22
123241,
123322,
123381,34
123391,21
123394,23
123399,
123400,23
123401,24
123406,23
123457,22
123462,22
123465,
123470,20
123471,22
123474,21
123481,21
123507,
123508,23
123509,21
123513,
123515,23
123516,23
123518,
123656,25
123911,18
123980,20
123988,24
123992,23
123995,20
123999,
124068,24
124116,22
124117,24
124157,23
124217,
124219,26
124256,24
124278,23
124363,26
124485,20
124586,19
124597,33
124640,20
124643,22
124714,21
124722,19
124736,22
124766,22
124768,25
124962,19
124995,23
125048,21
125089,25
125094,28
125177,
125217,21
125236,18
125271,37
125361,18
125395,
125410,23
125443,
125495,
125499,
125579,
125634,20
125772,
125864,26
125945,
126058,26
126199,19
126221,19
126232,17
126275,29
126445,24
126448,24
126490,17
126545,22
126556,23
126588,31
126720,22
126771,26
126777,26
126795,27
126977,
127002,
127003,20
127005,21
127009,21
127063,26
127065,
127083,24
127086,24
127138,23
127148,24
127164,17
127262,
127313,22
127486,23
127713,22
127715,21
127722,18
127723,24
127814,25
127822,22
127852,
127948,
127984,
128003,20
128047,
128091,22
128161,
128551,23
128605,21
128649,21
128742,20
128746,
128969,19
129083,23
129104,26
129193,26
129194,26
129211,27
129265,
129284,24
129290,21
129297,
129335,
129359,
129404,23
129525,22
129530,25
129539,
129542,17
129555,17
129564,30
129589,18
129629,20
129637,18
129650,31
129758,18
129858,21
129862,21
129863,20
129868,
129941,24
130033,
130034,25
130119,26
130188,26
130242,22
130379,21
130396,
130398,28
130404,
130412,24
130559,24
130622,20
130628,22
130629,22
130631,22
130632,23
130642,
130643,23
130648,23
130651,21
130660,
130707,22
130888,
130920,18
131086,22
131111,21
131119,16
131171,
131263,17
131381,13
131389,
131464,22
131635,25
131657,24
131760,
131809,23
131944,18
131952,21
132095,25
132131,
132136,
132138,23
132140,
132252,19
132263,
132350,
132436,23
132445,25
132482,22
132493,
132502,23
132503,20
132633,20
132697,22
132752,19
132883,21
132927,26
133031,19
133065,23
133126,
133176,21
133180,20
133260,18
133439,
133506,22
133544,26
133670,24
133762,20
133789,17
133887,
133927,
134085,
134178,30
134193,
134200,
134237,23
134344,17
134351,24
134499,23
134733,24
134823,20
134851,
135136,18
135172,17
135191,23
135240,22
135263,17
135297,15
135467,
135496,26
135530,
135545,27
135679,19
135680,
135760,25
135773,
135829,27
135937,19
135977,
136028,21
136033,20
136098,
136251,
136332,
136356,28
136392,14
136524,25
136559,20
136598,26
136615,
136622,22
136812,20
136839,23
136963,22
137048,22
137075,
137126,26
137188,25
137267,28
137283,26
137423,21
137425,22
137446,
137511,
137632,
137693,22
137813,
137935,21
137974,21
138036,20
138038,27
138064,18
138164,
138175,26
138197,24
138199,21
138234,16
138251,24
138261,20
138338,19
138367,25
138419,22
138449,26
138581,23
138585,
138615,22
138705,
138707,27
138753,26
138759,
138769,
138771,25
138777,29
138799,
138808,21
138860,20
138870,
139066,
139169,
139188,18
139224,19
139232,18
139309,23
139359,22
139428,26
139438,26
139441,21
139459,24
139535,22
139559,
139561,22
139564,26
139611,
139654,21
139662,27
139867,24
139884,22
139902,24
140291,19
140313,20
140436,25
140629,23
140661,21
140769,37
140972,21
140979,22
141154,22
141210,23
141268,21
141281,23
141314,
141365,24
141511,16
141518,
141520,24
141548,
141621,26
141780,21
141787,23
142038,29
142159,21
142163,33
142374,25
142480,
142564,22
142594,17
142596,
142621,
142808,22
143017,21
143046,18
143129,25
143170,28
143347,
143408,15
143425,
143546,18
143547,19
143609,19
144145,
144243,23
144265,
144369,25
144398,19
144443,22
144598,32
144682,25
144782,
144783,24
144977,21
145018,
145025,22
145067,19
145086,
145095,15
145168,16
145194,21
145208,
145261,22
145285,24
145312,25
145362,21
145672,
145693,
145730,
145818,17
145828,
145882,21
145914,22
145938,
146023,17
146179,
146183,19
146238,20
146322,24
146348,22
146377,
146406,21
146409,22
146410,19
146413,
146417,22
146422,
146438,24
146442,
146455,20
146485,23
146649,
146651,19
146666,24
146693,
146841,23
146872,18
146930,20
146990,19
147060,25
147159,23
147195,21
147257,23
147318,23
147342,25
147353,23
147399,25
147435,21
147597,23
147718,
147734,
147740,21
147770,19
147813,20
147821,21
147828,20
147835,21
147843,
147847,
148007,18
148044,21
148046,23
148048,21
148055,
148064,
148096,
148118,
148240,
148308,21
148558,21
148571,25
148585,16
148629,21
148813,
149029,32
149077,21
149145,20
149270,22
149330,
149353,17
149416,18
149475,22
149562,25
149671,24
149758,
149760,22
149846,23
149889,20
149900,18
150050,
150362,
150388,19
150399,20
150441,21
150479,23
150523,
150542,
150553,23
150560,22
150566,20
150568,19
150569,20
150570,
150571,
150576,22
150624,22
150626,21
150627,20
150631,20
150632,19
150635,
150636,19
150637,20
150638,
150641,19
150685,22
150711,20
150767,22
150772,19
150774,21
150775,20
150779,19
150781,19
150852,
150854,
150856,
150857,
150858,19
150860,20
150864,19
150903,
150905,21
150906,
150908,
150913,19
150926,20
150929,19
150930,
150932,
150933,
150974,25
150986,25
150987,25
151042,26
151066,19
151164,23
151190,19
151250,21
151355,20
151533,20
151603,24
151686,21
151698,16
151876,17
151965,18
151991,18
152007,
152238,20
152248,
152421,
152440,24
152443,24
152587,24
152601,23
152727,23
152776,23
152825,
152882,24
152890,24
152891,26
153055,20
153087,
153091,22
153125,25
153128,22
153129,22
153130,16
153144,28
153147,
153186,25
153224,25
153232,22
153236,22
153362,16
153433,20
153437,
153475,21
153525,21
153594,23
153630,22
153636,
153638,26
153647,
153663,22
153725,
153726,23
153728,25
153743,33
153813,21
153816,21
153853,20
153912,20
153939,20
153962,29
153969,21
153983,
153986,21
154001,21
154044,19
154046,
154058,17
154122,26
154156,20
154161,21
154202,21
154211,21
154253,23
154369,15
154414,25
154577,22
154580,25
154660,21
154678,20
154709,23
154826,
154937,19
155035,
155041,22
155136,21
155143,
155166,22
155168,33
155251,17
155253,
155255,24
155257,24
155258,24
155262,19
155368,25
155417,
155478,
155563,22
155652,25
155690,
155754,28
155775,25
155784,
155835,19
155838,23
155842,21
155848,20
155937,22
155971,25
156062,20
156102,
156105,
156122,25
156200,
156208,15
156367,
156436,20
156442,
156587,25
156593,22
156670,20
156789,26
156811,22
156977,16
157007,26
157056,29
157169,
157172,21
157186,24
157247,
157249,
157317,21
157349,31
157440,
157638,29
157645,35
157647,22
157717,19
157803,22
157892,27
157932,
158005,25
158073,25
158207,24
158211,
158244,22
158269,
158274,22
158336,
158453,
158512,18
158532,19
158822,27
158956,23
159119,23
159128,
159130,28
159216,
159330,
159436,23
159490,
159506,22
159556,23
159625,18
159929,20
159938,
159942,21
159957,22
160205,24
160207,27
160214,21
160476,20
160623,18
160692,19
160711,
160839,19
160918,
160965,
161019,18
161122,
161204,29
161344,18
161393,21
161451,
161547,
161564,
161632,20
161647,25
161690,
161847,20
161926,
161939,43
162268,24
162411,21
162465,22
162466,22
162515,
162582,17
162609,21
162631,23
162792,38
162800,18
162833,
162906,
162908,21
162911,19
162963,23
162988,26
163053,30
163082,30
163087,26
163202,21
163307,
163321,25
163323,25
163380,23
163412,19
163544,24
163618,25
163688,24
163711,21
163751,23
163803,19
163829,21
163860,25
163885,18
163985,21
164151,20
164174,23
164344,46
164361,21
164734,
164764,16
164822,19
164834,29
164864,27
164884,17
164889,
164948,23
164956,
164992,22
165088,21
165090,19
165093,18
165096,22
165128,27
165175,
165180,23
165183,
165185,20
165189,23
165381,21
165482,
165486,17
165529,
165595,
165604,24
165605,19
165615,24
165664,18
165758,22
165802,16
165895,18
165906,16
165989,18
166046,18
166115,19
166137,19
166202,21
166212,
166294,23
166384,20
166471,28
166487,
166550,22
166650,21
166789,
166993,20
167063,22
167126,72
167169,25
167545,24
167548,23
167631,24
167642,20
167643,24
167721,22
167904,18
167983,19
168635,20
168654,
168724,
168726,24
168809,23
169138,
169142,
169144,
169145,23
169237,20
169254,23
169371,
169473,24
169485,18
169618,20
169814,21
170073,20
170142,20
170422,
170562,23
170765,
170806,28
171018,28
171188,24
171238,
171391,
171398,
171576,20
171620,
171640,23
171813,32
172043,25
172067,
172171,25
172297,
172348,
172793,23
172916,25
172983,17
173035,
173046,20
173050,20
173195,
173287,24
173355,19
173356,20
173357,20
173374,23
173380,20
173589,18
173692,21
173855,19
173884,20
173886,19
173933,21
173957,27
173964,23
173967,
174017,22
174074,79
174076,20
174215,23
174290,26
174312,
174356,16
174375,
174440,18
174449,21
174450,24
174487,19
174516,23
174527,21
174696,20
174789,25
174901,18
174965,21
174966,
174968,
174986,21
175065,25
175067,26
175071,24
175100,23
175109,
175198,16
175211,
175213,18
175405,17
175408,18
175463,28
175496,19
175635,18
175729,
176141,19
176380,
176417,
176427,29
176450,24
176486,25
176489,
176523,
176647,
176797,26
176804,24
176850,
176887,
176899,24
176922,
177014,20
177066,23
177083,19
177164,24
177253,24
177302,21
177319,24
177341,22
177342,25
177536,23
177581,24
177721,
177788,20
177820,23
177936,24
178049,18
178054,22
178187,
178188,20
178305,24
178306,23
178401,22
178419,22
178589,16
178616,19
178668,21
178720,21
179038,27
179052,20
179059,20
179117,23
179142,23
179192,20
179193,
179202,24
179322,
179337,
179385,
179389,
179444,20
179453,36
179615,17
179643,
179651,25
179690,
179698,18
179840,21
179870,
179914,20
179916,18
180014,20
180022,27
180073,17
180101,
180163,
180199,32
180235,19
180271,
180275,22
180332,23
180366,
180367,24
180369,22
180372,
180407,
180408,24
180430,25
180440,
180504,17
180508,16
180509,27
180547,
180662,
180669,15
180766,
180771,
180877,38
180894,17
181001,29
181008,19
181026,
181041,21
181050,24
181076,20
181206,
181209,25
181244,21
181341,18
181344,19
181420,
181469,18
181470,18
181471,18
181472,
181474,18
181475,16
181479,
181518,
181521,
181524,
181532,19
181536,24
181538,19
181562,19
181565,
181567,18
181636,22
181667,21
181668,20
181676,21
181774,21
181777,32
181859,
182090,21
182093,20
182151,24
182176,21
182263,
182321,19
182327,19
182368,
182400,17
182543,21
182646,24
182649,20
182743,
182921,22
183063,
183139,18
183174,
183182,22
183274,20
183310,19
183634,24
183690,21
183805,21
183830,
184038,22
184121,20
184380,
184390,27
184443,24
184445,23
184452,
184502,18
184638,24
184677,
184692,17
184732,
184746,21
184768,22
184804,22
184838,21
184863,
184866,23
184870,24
184872,20
184873,
184887,
184911,
185032,27
185036,23
185037,
185057,22
185077,22
185078,22
185131,23
185153,23
185164,22
185207,
185251,21
185303,
185339,20
185359,22
185382,20
185496,25
185566,25
185581,19
185614,
185616,24
185776,20
185979,24
185982,24
185983,23
185991,23
186128,18
186181,
186232,20
186267,20
186354,17
186441,
186472,20
186588,
186670,
186672,
186792,21
186822,23
186832,
186902,20
186997,20
187073,
187122,23
187137,
187328,24
187342,
187381,
187419,31
187517,25
187562,18
187563,
187569,15
187789,20
187798,
187859,18
187911,21
187957,25
187979,22
187997,24
188010,21
188067,
188145,22
188178,19
188206,31
188350,
188366,25
188409,19
188429,21
188442,18
188551,
188647,20
188652,18
188662,21
188729,25
188749,
188776,17
188790,
188856,
188870,26
188952,22
189019,
189100,
189268,22
189280,
189281,22
189283,24
189435,19
189452,21
189484,23
189522,
189687,21
190013,34
190019,19
190053,18
190158,
190220,
190254,
190268,18
190272,
190277,17
190348,18
190356,18
190482,
190484,18
190490,
190581,25
190610,22
190684,30
190730,23
190865,18
190875,23
190979,32
190996,24
191002,
191041,22
191042,23
191044,25
191048,20
191079,22
191082,20
191083,24
191085,31
191118,24
191150,20
191170,27
191175,22
191185,24
191187,21
191188,20
191189,
191228,23
191234,
191277,19
191281,21
191284,24
191288,21
191341,25
191349,20
191500,19
191502,20
191508,23
191541,24
191544,27
191545,21
191561,24
191575,25
191635,23
191639,22
191644,24
191646,18
191656,
191658,19
191815,
191964,23
191998,18
192054,22
192063,22
192156,22
192169,27
192176,16
192310,
192322,
192344,18
192385,22
192399,19
192418,
192654,21
192664,18
192727,18
192731,18
192737,30
192822,
192875,20
192898,19
193230,
193331,25
193375,
193472,24
193523,
193559,
193605,25
193694,19
193696,20
194021,26
194095,18
194099,21
194298,26
194317,
194339,18
194345,
194357,
194404,20
194426,21
194546,
194547,24
194584,
194600,
194604,23
194619,21
194635,19
194675,20
194699,23
194702,23
194758,17
194787,19
194790,19
194819,
194864,23
194903,
195147,
195237,22
195259,23
195377,19
195419,16
195431,21
195442,24
195461,
195474,19
195479,
195494,
195505,23
195510,26
195520,
195522,
195523,
195570,23
195662,20
195711,18
195721,17
195723,17
195726,
195745,19
195751,19
195776,
195803,16
195811,17
195813,17
195815,18
195817,19
195819,18
195842,
195847,17
195849,17
195887,22
195897,22
196026,19
196042,
196063,20
196163,26
196166,25
196168,32
196171,26
196172,31
196176,
196257,
196266,30
196269,22
196270,25
196276,31
196284,26
196314,22
196333,
196344,26
196348,28
196349,32
196350,30
196352,
196389,
196535,
196558,18
196572,26
196620,18
196656,25
196663,28
196691,17
196702,29
196703,
196718,20
196785,
196937,
197033,21
197052,
197092,17
197116,
197152,25
197282,
197327,17
197335,24
197341,23
197404,18
197516,24
197558,35
197566,29
197567,24
197670,20
197719,19
197741,23
197759,21
197782,17
197844,21
197845,
197879,
197923,21
197969,18
197970,22
197974,
197975,17
197977,
197978,22
197981,27
198031,20
198048,
198049,19
198051,17
198056,21
198057,
198065,
198071,20
198072,23
198079,21
198092,21
198093,19
198106,
198124,
198163,
198167,20
198174,24
198253,21
198259,19
198298,21
198301,23
198302,
198305,23
198307,24
198309,
198313,22
198317,21
198321,
198333,23
198347,23
198358,
198548,21
198550,20
198568,
198570,23
198574,21
198575,
198578,20
198675,21
198682,
198761,19
198862,22
198929,19
198941,18
198965,23
198988,25
199026,25
199151,22
199318,
199362,25
199381,22
199415,22
199416,28
199417,25
199439,24
199451,20
199477,21
199492,25
199544,24
199550,19
199551,23
199556,24
199577,22
199657,18
199709,
199785,23
199813,23
199859,25
199876,
199879,
199891,24
199949,24
200030,26
200033,25
200045,26
200078,28
200080,
200082,23
200083,27
200086,20
200087,26
200107,24
200121,32
200164,19
200273,23
200311,26
200326,
200334,
200342,30
200348,
200408,25
200459,
200466,
200470,
200472,
200481,24
200532,25
200563,28
200581,20
200657,22
200660,21
200717,30
200774,18
200821,
200824,29
200828,22
200938,26
200939,
200972,24
201014,26
201016,24
201036,
201064,22
201350,23
201383,
201459,
201497,
201530,
201643,24
201644,20
201682,
201691,24
201747,24
201788,24
201806,25
201919,
201929,24
202003,19
202068,24
202108,25
202141,18
202219,21
202299,18
202308,23
202347,23
202395,21
202405,24
202407,24
202435,21
202564,25
202663,18
202687,24
202725,24
202742,
202804,25
202848,
202886,
202912,25
202988,30
203048,24
203057,
203058,20
203088,25
203134,
203200,19
203237,
203240,14
203429,11
203464,22
203465,26
203496,23
203500,17
203566,23
203569,20
203669,21
203712,26
203765,22
203850,23
203878,23
204074,24
204257,22
204488,28
204536,33
204574,22
204575,22
204577,21
204581,21
204590,22
204594,23
204598,24
204600,22
204630,25
204647,18
204667,21
204670,21
204674,
204676,24
204678,22
204680,
204682,21
204683,21
204684,
204688,22
204728,
204745,25
204750,22
204755,25
204857,
204858,
204919,
204925,
204928,25
204980,19
205064,21
205106,24
205116,18
205143,29
205193,18
205195,
205256,
205294,25
205318,23
205319,24
205363,25
205379,26
205403,20
205410,22
205411,21
205413,21
205414,21
205416,24
205470,
205472,23
205474,22
205475,22
205476,29
205479,22
205529,22
205547,30
205591,27
205599,30
205617,24
205659,25
205666,24
205721,18
205729,25
205761,31
205816,24
205817,21
205820,22
205869,21
206049,20
206083,48
206085,
206098,22
206099,22
206100,
206120,
206150,24
206176,23
206178,23
206206,
206240,
206255,22
206334,28
206399,16
206487,23
206573,23
206578,27
206592,21
206598,24
206676,21
206709,27
206714,21
206801,23
206867,22
206929,20
206987,23
207064,24
207119,22
207128,22
207148,24
207152,
207156,19
207158,
207221,27
207243,
207324,
207330,28
207379,
207395,21
207398,16
207442,18
207444,
207506,26
207540,25
207541,
207546,17
207551,
207616,
207708,30
207732,
207790,19
207794,29
207892,
207946,27
207992,
208002,20
208007,
208010,27
208011,17
208063,17
208066,15
208076,20
208136,26
208213,28
208242,27
208253,22
208398,
208553,24
208715,22
208791,22
208906,20
208991,
209001,14
209010,
209102,18
209169,23
209252,
209275,22
209353,24
209362,23
209466,
209483,21
209524,21
209556,19
209582,23
209607,23
209654,
209692,21
209710,26
209724,
209728,20
209731,
209793,21
209810,24
209812,26
210022,
210057,23
210108,24
210117,
210129,18
210202,31
210230,
210486,
210623,17
210705,26
210834,20
210895,20
210926,23
210930,20
210932,22
210993,20
211185,23
211249,19
211305,29
211330,19
211339,20
211438,20
211503,20
211677,22
211683,
211763,22
211783,
211785,21
211884,19
211896,23
211907,
211973,27
211980,19
211983,20
212011,
212020,18
212031,18
212077,
212122,28
212123,19
212124,21
212128,30
212140,22
212173,
212188,22
212325,
212387,20
212388,23
212392,
212496,20
212502,22
212503,
212508,26
212509,
212510,19
212527,
212590,17
212598,
212631,25
212670,30
212671,23
212674,17
212675,25
212711,23
212720,
212722,
212725,26
212726,21
212727,25
212728,27
212756,20
212771,26
212774,22
212814,20
212816,24
212817,
212819,23
212874,26
212879,
212887,23
212889,20
212891,
212895,20
212897,24
212898,23
212899,19
212900,
212941,26
212960,20
212961,25
212962,23
212993,20
212994,18
212996,28
213000,22
213001,21
213070,22
213112,27
213113,
213116,21
213118,20
213195,22
213242,
213399,
213568,19
213656,
213657,22
213763,23
213764,21
213765,21
213766,26
213772,19
213779,21
213981,
214031,16
214061,21
214093,52
214149,25
214226,21
214236,25
214321,24
214327,21
214349,19
214418,
214561,
214620,
214625,
214675,21
214720,24
214726,22
214749,20
214757,21
214829,21
214836,21
215154,21
215263,
215310,25
215314,24
215320,26
215344,24
215362,
215455,26
215500,
215697,23
215725,19
215784,23
215852,22
215875,
215953,
215962,
215992,24
216029,23
216053,26
216150,16
216153,
216157,22
216160,23
216236,
216251,21
216277,21
216286,31
216387,25
216396,26
216421,19
216505,22
216516,23
216605,
216678,
216688,22
216749,23
216751,26
216804,25
216807,23
216836,29
216865,
216874,
216898,15
216907,26
216930,
216971,24
217010,24
217122,23
217191,19
217193,20
217258,18
217272,
217277,
217295,25
217299,20
217301,
217303,21
217306,21
217308,20
217386,23
217391,
217421,24
217441,20
217442,23
217444,
217446,
217447,22
217448,22
217449,21
217452,21
217456,20
217501,
217502,21
217504,21
217506,22
217508,22
217510,22
217513,21
217517,21
217557,
217601,21
217606,25
217630,23
217633,24
217634,21
217635,21
217637,20
217638,23
217642,21
217644,
217645,22
217683,21
217684,21
217685,22
217688,21
217691,22
217693,
217713,23
217744,24
217745,
217748,23
217749,21
217750,22
217751,21
217757,23
217787,
217807,21
217808,19
217813,25
217823,23
217832,
217876,22
217879,20
217881,21
217882,24
217914,
217959,
217961,20
217963,22
217964,21
217971,22
217977,25
217992,
218062,25
218063,22
218065,23
218068,25
218071,20
218072,
218073,22
218075,
218077,21
218080,24
218253,25
218255,
218321,21
218371,25
218374,22
218377,
218451,24
218477,23
218480,
218486,15
218515,
218597,19
218635,21
218784,
218850,29
219015,26
219084,26
219208,22
219277,30
219281,22
219299,24
219300,26
219307,23
219309,26
219423,29
219425,25
219494,
219498,
219540,
219544,23
219568,23
219583,18
219603,20
219605,20
219607,26
219614,20
219642,
219644,25
219668,24
219828,
219831,20
219833,20
219837,
219840,
219986,44
220020,33
220040,
220047,24
220050,23
220118,
220128,25
220133,26
220148,25
220172,
220285,25
220316,20
220344,26
220352,31
220417,
220443,20
220455,29
220510,18
220541,
220653,21
220676,18
220677,24
220728,
220739,
220830,25
220933,20
220957,19
220966,25
221024,
221089,27
221119,25
221126,19
221157,23
221197,22
221200,27
221202,23
221205,23
221210,23
221288,24
221412,
221428,
221463,27
221467,27
221537,23
221622,25
221672,
221673,22
221700,25
221719,23
221753,25
221778,24
221810,20
221816,23
221820,
221828,
221903,30
221945,22
222054,22
222095,19
222202,
222255,26
222268,26
222321,
222383,24
222392,25
222395,
222890,
222946,23
223015,
223018,
223022,
223027,
223028,
223032,24
223118,17
223120,19
223173,22
223174,22
223191,16
223195,24
223207,
223233,23
223234,
223238,31
223240,27
223269,26
223359,26
223505,
223546,19
223729,
223774,21
223776,19
223790,17
223806,
223938,22
223940,45
223944,
223945,23
223946,
223948,28
223949,
223965,26
223967,22
223968,22
223970,20
223971,
223973,21
223974,21
223997,21
223998,26
223999,20
224002,23
224004,23
224005,
224006,23
224011,22
224012,
224013,23
224014,21
224033,
224064,25
224095,20
224158,24
224168,
224186,26
224193,25
224215,22
224254,24
224357,26
224396,20
224537,21
224570,
224612,
224613,20
224755,20
224759,21
224761,20
224768,
224817,
224909,21
224924,22
224946,
224974,20
225005,22
225015,23
225133,18
225163,23
225164,23
225202,
225243,24
225343,19
225390,28
225393,
225451,19
225621,22
225758,25
225974,
226106,10
226201,24
226228,55
226306,20
226314,22
226360,15
226431,22
226482,33
226490,
226526,26
226627,24
226652,
226696,19
226749,
226858,28
226961,18
227069,23
227161,25
227179,22
227418,29
227529,21
227547,21
227635,24
227638,22
227760,21
227973,
228118,22
228137,20
228177,
228246,22
228318,
228325,25
228351,
228412,14
228571,
228682,19
228684,23
228687,22
228689,23
228691,24
228692,25
228699,18
228713,23
228738,17
228755,21
228759,24
228780,
228867,22
228868,19
228875,
228884,24
228921,17
228959,25
229010,21
229063,
229089,18
229092,
229094,
229111,
229115,21
229120,
229178,
229223,20
229513,17
229517,
229547,
229550,19
229558,18
229627,17
229659,
229671,
229712,
229714,21
229715,19
229720,18
229766,19
229767,28
229776,18
229863,17
229880,
229911,17
229916,29
229946,21
229947,
229978,
230026,21
230126,24
230353,21
230496,
230527,
230541,20
230706,19
230750,19
230983,
231138,
231173,22
231175,23
231210,22
231330,24
231548,23
231553,23
231587,22
231622,
231663,24
231675,24
231677,22
231681,23
231682,21
231742,25
231794,
231823,25
232116,26
232202,25
232228,
232523,23
232563,19
232566,24
232677,
232717,17
232763,17
232778,20
232921,24
232924,25
232925,22
233068,21
233071,24
233074,24
233078,24
233087,18
233114,22
233264,21
233345,24
233378,21
233395,28
233427,22
233440,20
233477,
233618,20
233675,17
233686,22
233706,
233805,
233809,17
234030,25
234032,22
234261,22
234331,21
234482,15
234500,
234550,20
234610,
234710,19
234792,
234866,
234870,
234978,
235041,22
235042,23
235057,22
235059,21
235118,24
235184,
235225,21
235229,21
235256,21
235257,22
235282,22
235336,22
235349,
235370,24
235375,
235394,25
235439,23
235474,25
235495,24
235532,20
235603,23
235670,27
235673,22
235676,
235680,22
235738,24
235749,27
235798,22
235808,18
236021,27
236088,
236100,24
236183,26
236208,22
236248,23
236252,
236327,22
236488,21
236489,22
236490,22
236504,19
236546,21
236593,
236595,21
236603,25
236642,22
236662,28
236724,
236746,21
236780,
236794,24
236830,21
236955,24
237000,28
237087,29
237155,26
237157,
237160,28
237161,
237163,24
237166,30
237168,
237177,
237248,24
237254,
237255,
237258,
237259,31
237260,25
237261,32
237262,21
237287,
237307,22
237370,23
237371,23
237404,24
237415,25
237431,25
237460,17
237559,22
237629,23
237640,21
237651,22
237660,34
237666,19
237669,21
237671,21
237676,
237677,
237680,25
237682,24
237684,24
237690,
237725,19
237752,
237753,25
237757,
237775,25
237788,27
237808,23
237823,
237828,21
237831,25
237863,26
237866,24
237867,25
237871,18
237872,
237889,21
237890,
237901,22
237908,
237912,24
237915,23
237949,
237950,27
237951,25
237954,25
237976,24
237989,
238001,26
238021,
238050,19
238058,19
238059,
238065,
238067,26
238075,25
238135,
238156,19
238189,18
238272,25
238282,
238325,23
238379,
238380,31
238381,28
238410,19
238415,23
238419,32
238428,33
238440,25
238461,22
238508,25
238527,27
238549,
238554,22
238570,
238573,19
238594,27
238625,26
238674,
238679,
238687,
238711,18
238718,22
238721,26
238722,26
238727,26
238769,24
238804,26
238805,
238806,23
238809,24
238810,23
238816,25
238817,33
238826,29
238847,
238922,23
238955,
238961,23
239002,
239020,21
239038,
239077,23
239095,22
239123,21
239148,18
239156,17
239323,32
239350,26
239366,
239483,26
239486,
239510,
239554,23
239558,28
239567,25
239600,25
239602,
239628,
239629,17
239669,19
239701,25
239708,22
239714,
239777,25
239798,18
239978,26
240068,20
240103,22
240107,22
240127,19
240183,
240208,22
240209,
240212,21
240241,24
240359,18
240363,18
240401,21
240407,18
240436,
240440,
240443,
240449,
240450,
240462,24
240510,
240541,23
240589,
240591,20
240630,
240688,22
240759,
240771,23
240773,26
240808,26
240818,
240862,20
240995,18
240999,
241015,17
241043,26
241157,25
241216,
241223,
241266,21
241280,
241306,24
241330,20
241336,
241339,22
241343,19
241347,19
241349,20
241370,
241476,
241490,26
241545,25
241608,19
241630,19
241719,19
241728,23
241743,23
241748,26
241802,28
241803,26
241804,
241827,24
241889,25
242062,19
242064,
242111,23
242118,
242123,24
242167,18
242173,21
242270,
242277,24
242327,
242329,
242336,24
242423,
242428,29
242434,23
242452,25
242513,18
242514,26
242515,24
242516,25
242517,
242529,29
242616,24
242621,20
242637,
242656,22
242797,21
242931,20
242937,
242938,21
242939,
242944,29
243010,25
243084,22
243096,29
243128,25
243137,
243178,32
243197,17
243430,23
243431,22
243495,24
243503,16
243507,22
243542,25
243551,24
243650,24
243653,30
243655,17
243657,23
243664,
243712,
243802,
243803,23
243805,22
243810,21
243815,23
243820,
243832,26
243835,22
243837,25
243867,23
243902,25
243973,
243986,
244091,
244188,21
244207,
244343,
244441,26
244521,26
244542,
244543,22
244557,20
244583,
244589,25
244613,23
244640,
244647,24
244660,24
244662,24
244688,36
244725,19
244732,23
244743,25
244745,19
244749,23
244753,
244757,
244809,18
244877,23
244879,
244890,
244934,19
244935,25
244937,19
244947,21
244949,18
245002,19
245003,19
245005,18
245008,19
245010,18
245011,20
245031,
245074,20
245083,
245084,18
245085,18
245086,18
245090,19
245093,20
245154,18
245156,20
245157,20
245160,21
245162,18
245163,18
245169,24
245189,29
245254,20
245256,24
245264,26
245265,
245270,23
245271,17
245274,21
245275,23
245277,17
245280,19
245284,
245309,20
245310,23
245311,26
245312,26
245318,29
245321,
245415,22
245449,21
245509,
245543,24
245577,26
245698,
245700,
245730,21
245770,26
245864,
245992,21
246001,21
246113,21
246159,23
246194,21
246305,22
246333,22
246362,19
246389,
246394,20
246395,24
246418,28
246469,20
246473,21
246475,26
246520,31
246527,24
246528,
246756,24
246858,17
246871,24
246875,20
246884,26
246923,23
246932,24
246970,24
246977,24
246994,24
247096,25
247226,24
247304,20
247314,24
247328,17
247345,
247417,
247469,23
247723,
247811,21
247923,
248011,25
248012,31
248092,23
248093,20
248107,19
248139,22
248170,22
248194,
248202,19
248236,
248384,21
248443,
248445,27
248458,
248501,18
248527,
248541,
248569,20
248776,23
248859,
249006,25
249012,23
249043,
249050,25
249089,23
249114,27
249127,27
249178,24
249179,27
249313,20
249441,22
249466,
249483,
249487,20
249641,
249700,
249716,22
249759,25
249762,23
249813,
249835,22
249837,25
249869,21
249892,25
249903,20
249906,18
249917,20
249919,23
249922,23
249960,19
250008,18
250031,21
250110,20
250180,26
250232,21
250233,21
250248,24
250268,21
250320,19
250366,
250400,
250444,
250546,22
250573,19
250616,22
250683,26
250798,24
250808,
250844,
250851,25
250949,
250982,21
251100,
251101,19
251109,22
251110,
251155,20
251156,20
251203,23
251221,19
251222,
251227,19
251230,22
251231,19
251234,
251273,
251274,20
251276,
251321,25
251325,23
251328,
251329,23
251331,18
251333,19
251344,18
251345,20
251369,
251378,27
251400,
251469,
251474,18
251744,24
251746,23
251781,29
251825,27
251910,
251923,19
251946,
251976,
252063,
252077,21
252128,24
252134,24
252138,
252240,27
252282,25
252312,24
252350,21
252507,24
252552,21
252554,
252555,18
252579,
252582,26
252584,27
252622,21
252656,21
252696,21
252700,
252704,21
252735,22
252777,21
252783,30
252864,33
253029,23
253050,27
253141,22
253294,
253296,19
253309,23
253410,
253538,19
253542,22
253553,22
253588,22
253643,20
253651,22
253653,
253657,
253684,26
253697,
253721,22
253784,19
253785,
253790,21
253794,27
253796,24
253800,23
253805,25
253912,20
253917,22
253928,28
254186,
254321,33
254338,21
254342,21
254415,22
254464,
254480,21
254602,23
254616,
254799,29
254831,
254932,21
254954,
254997,25
255052,23
255058,25
255143,
255144,22
255150,23
255189,
255191,27
255211,26
255309,21
255376,
255387,
255425,25
255493,18
255504,24
255637,21
255641,25
255966,
256029,23
256031,17
256033,22
256039,16
256066,
256104,21
256111,36
256179,26
256216,
256259,
256271,24
256272,22
256312,25
256320,18
256335,14
256520,
256619,29
256655,18
256674,
256722,
256765,24
256779,20
256800,20
256883,
256904,16
256931,20
256941,23
257008,
257058,22
257107,18
257151,19
257154,19
257157,25
257173,22
257200,
257201,18
257214,21
257241,
257261,23
257264,27
257323,23
257338,22
257450,
257523,21
257735,17
257914,18
257950,
258038,17
258078,19
258086,21
258087,21
258144,
258190,22
258192,22
258334,
258465,16
258499,25
258511,22
258544,20
258618,24
258671,27
258677,31
258714,24
258791,24
258808,
258812,
258880,
258969,26
258981,24
258992,22
259051,27
259216,20
259217,
259222,24
259224,23
259282,24
259291,
259422,
259653,18
259684,24
259694,
259744,27
259793,19
259806,
259847,20
259897,23
259938,21
260027,20
260033,
260037,
260100,
260102,18
260104,21
260116,19
260131,20
260135,
260147,20
260148,20
260168,18
260199,19
260227,
260248,
260252,19
260269,
260271,23
260326,22
260331,19
260341,
260371,
260461,17
260462,20
260524,28
260679,23
260764,22
260836,23
260985,27
261004,
261005,
261076,16
261153,27
261444,19
261495,23
261499,20
261651,22
261673,
261811,23
261838,18
262189,20
262191,20
262219,20
262280,21
262431,22
262438,25
262449,21
262452,19
262463,22
262629,25
262637,17
262666,23
262809,25
263034,23
263113,21
263158,
263249,24
263297,21
263327,20
263329,22
263333,19
263337,19
263350,21
263352,22
263371,22
263372,20
263373,22
263378,22
263381,20
263393,
263451,20
263500,29
263564,19
263570,20
263571,21
263607,24
263646,24
263653,20
263726,
263755,25
263794,20
263796,
263814,21
263816,
263863,17
263908,
264017,22
264038,24
264043,25
264099,25
264129,21
264156,20
264261,
264264,19
264272,
264314,20
264400,
264520,19
264524,18
264606,
264667,20
264673,
264677,18
264735,
264923,19
264961,
264978,15
264987,18
265049,25
265135,23
265136,22
265257,20
265298,19
265474,23
265607,22
265729,
265841,18
265892,21
265899,20
266112,20
266360,
266406,
266497,19
266504,
266536,18
266608,22
266611,21
266645,23
266755,
266760,
266980,
267145,
267207,
267231,25
267290,20
267350,18
267372,24
267466,22
267535,22
267555,22
267614,19
267676,18
267744,29
267757,20
267771,23
267772,
267782,
267796,29
267823,31
267828,21
267830,30
267843,30
267872,30
267881,21
267938,25
267939,22
267944,
267993,25
268000,
268029,22
268035,25
268036,
268043,
268060,31
268071,22
268092,26
268095,26
268110,
268138,30
268139,23
268142,19
268146,26
268204,19
268297,22
268355,24
268360,25
268361,24
268378,
268381,23
268382,21
268631,35
268698,17
268928,23
269007,17
269023,24
269074,
269313,
269416,20
269443,
269450,
269474,18
269512,20
269636,21
269648,18
269652,24
269662,26
269728,17
269731,22
269826,22
269829,22
269863,27
269871,
269877,20
269901,19
269934,
270006,39
270014,24
270063,21
270088,19
270092,
270127,20
270198,20
270230,
270239,22
270282,
270340,23
270437,22
270501,24
270502,21
270731,
270755,24
270756,
270876,18
270911,
271058,20
271062,20
271067,
271194,
271199,19
271206,19
271307,21
271328,16
271469,21
271606,
271661,21
271718,25
271867,24
271982,22
271993,16
272045,17
272070,23
272214,19
272224,23
272227,25
272229,24
272233,20
272278,18
272392,18
272450,
272548,
272574,22
272577,21
272582,19
272584,20
272587,21
272615,23
272863,25
273002,25
273035,
273069,22
273076,23
273102,
273129,28
273201,22
273206,21
273212,18
273225,
273253,24
273260,25
273261,21
273272,18
273312,
273314,22
273319,20
273357,
273380,24
273522,23
273537,18
273565,18
273606,23
273660,
273709,
273739,
273837,21
273910,18
274061,
274062,19
274064,21
274065,22
274067,21
274068,
274069,22
274087,22
274088,
274090,23
274091,
274092,23
274097,21
274154,
274155,
274160,27
274161,21
274162,26
274184,21
274185,21
274188,23
274286,21
274383,29
274649,25
274696,27
274751,20
274979,21
275010,23
275016,40
275033,25
275128,17
275147,
275744,19
275748,
275813,22
275840,21
275954,
275955,21
275956,24
275957,
275958,31
276015,22
276036,25
276227,
276255,25
276256,
276257,23
276258,25
276259,27
276260,27
276261,23
276281,23
276283,25
276284,26
276285,
276286,25
276287,25
276288,
276289,24
276290,14
276291,25
276404,24
276405,22
276406,
276407,24
276408,24
276410,23
276412,24
276414,25
276416,22
276418,25
276421,25
276423,25
276447,22
276448,25
276449,25
276450,25
276451,21
276452,23
276453,
276454,22
276455,22
276456,24
276457,
276458,23
276523,25
276536,26
276644,
276661,22
276733,24
276736,
276752,24
276758,
277159,26
277160,22
277161,20
277162,25
277163,27
277164,26
277165,
277166,25
277195,28
277196,29
277197,24
277198,23
277199,25
277200,25
277201,
277202,24
277203,22
277204,24
277205,26
277206,
277207,
277208,24
277209,20
277255,25
277257,
277258,26
277259,
277260,23
277261,23
277262,23
277289,
277290,
277291,23
277292,24
277293,
277300,
277301,29
277302,23
277303,24
277336,
277487,
277603,20
277704,18
277708,19
278119,
278133,25
278134,21
278137,26
278227,22
278246,21
278308,23
278323,19
278363,22
278434,20
278436,21
278437,24
278468,
278493,17
278495,
278512,24
278665,
278693,20
278697,18
278729,22
278734,22
278763,
278769,19
278776,19
278782,20
278836,27
278875,23
278876,25
279111,26
279198,24
279279,22
279281,15
279334,19
279393,19
279492,18
279525,22
279540,
279551,29
279553,
279649,21
279873,22
279905,25
279939,24
279940,22
279944,22
279945,23
280046,24
280048,23
280182,
280197,36
280225,19
280266,21
280328,22
280368,19
280422,21
280494,19
280550,22
280645,19
280688,19
280696,19
280700,
280829,29
280988,23
281039,
281131,19
281313,
281314,
281315,29
281316,
281327,25
281340,22
281351,27
281413,
281458,28
281606,24
281725,
281755,
281849,19
281957,23
282093,17
282103,27
282457,29
282478,
282593,23
282674,23
282922,
282931,
282941,21
283024,21
283120,21
283134,19
283168,21
283244,27
283346,22
283498,18
283641,23
283747,
283765,22
283775,20
283776,20
283826,17
283831,27
283904,
283911,33
284263,
284327,19
284438,18
284439,21
284441,
284455,20
284456,21
284512,
284855,25
284895,26
284900,23
284926,
285023,19
285033,21
285196,23
285200,27
285232,24
285274,24
285287,22
285303,24
285444,23
285536,17
285862,20
285924,22
286123,24
286333,18
286347,21
286679,25
286764,24
286921,
286967,
286977,
287083,19
287226,26
287235,21
287236,20
287246,
287394,
287535,22
287606,
287844,28
287869,24
287873,
287874,22
287879,
287884,21
287919,29
287932,21
287976,
288022,23
288095,24
288148,24
288184,23
288190,22
288201,19
288205,19
288206,21
288207,19
288209,
288219,
288220,17
288222,
288300,17
288305,20
288306,17
288308,
288311,16
288312,
288318,
288380,
288381,
288384,19
288418,19
288448,
288461,
288470,
288552,18
288554,22
288555,19
288556,2
288560,19
288563,18
288564,16
288565,
288566,43
288569,
288578,18
288583,23
288603,20
288613,
288617,22
288632,25
288652,
288764,
288814,
289289,22
289314,24
289321,19
289782,22
289809,23
289926,24
289985,23
289995,26
290001,56
290122,16
290129,19
290192,24
290517,23
290524,
290577,20
290707,20
290830,
290908,
290915,25
290942,
290947,18
291045,24
291049,19
291050,21
291051,20
291053,20
291058,
291113,19
291133,27
291183,25
291184,
291185,27
291186,
291188,27
291198,24
291206,21
291244,25
291316,
291380,
291453,
291482,24
291502,16
291505,
291536,
291643,26
291788,33
291818,
291826,
291860,17
291950,24
292035,23
292037,
292092,16
292110,19
292123,19
292194,24
292215,26
292255,20
292277,23
292289,40
292293,
292311,21
292446,24
292464,21
292552,
292555,21
292580,
292610,26
292624,28
292708,24
292772,
292882,
292987,19
293372,21
293436,22
293447,
293486,21
293493,22
293877,18
293904,17
294013,17
294170,24
294200,
294229,24
294327,23
294448,
294466,
294479,22
294531,22
294553,
294554,22
294603,23
294606,22
294686,21
294697,20
294778,25
294985,
294991,18
295066,15
295083,18
295088,17
295097,23
295189,18
295192,18
295195,18
295249,24
295268,17
295303,
295409,20
295415,17
295469,19
295518,
295569,20
295573,
295630,21
295631,
295646,18
295725,20
295883,
295910,19
295944,
296026,
296221,21
296226,22
296287,18
296307,27
296459,20
296462,17
296464,23
296606,24
296728,19
296743,25
296769,26
296779,20
296781,20
296812,29
296845,
296893,
296911,
296922,27
297003,
297246,
297730,23
297792,21
297829,
297936,
298020,21
298070,
298092,26
298136,
298211,25
298623,43
298705,27
298731,19
298773,23
298788,23
298789,19
298795,
298832,
298838,26
298843,24
298874,24
298899,13
299093,20
299113,25
299272,22
299301,18
299316,22
299351,
299529,38
299698,26
299790,25
300023,20
300029,24
300032,18
300090,17
300091,18
300214,26
300216,
300234,
300266,23
300283,
300360,
300449,18
300727,20
300742,23
300750,20
300842,
301116,24
301132,23
301191,20
301196,
301197,22
301248,21
301253,20
301259,22
301261,20
301263,20
301292,20
301336,21
301390,
301430,
301435,16
301448,
301499,27
301530,39
301569,25
301582,22
301607,27
301692,17
301705,23
301821,22
301886,24
301902,
301932,20
301934,20
301962,21
302051,26
302066,21
302086,23
302114,24
302151,14
302231,21
302388,19
302413,
302419,
302474,23
302552,38
303020,21
303086,22
303185,20
303194,24
303278,19
303342,20
303428,21
303577,
303583,
303948,20
304081,
304163,25
304180,25
304224,
304279,
304335,17
304424,
304582,22
304735,23
304737,26
304797,19
304847,
304884,18
304923,18
305058,
305064,
305066,18
305067,18
305068,19
305069,22
305079,22
305081,22
305082,20
305083,18
305131,26
305143,21
305265,25
305371,21
305383,25
305392,25
305401,19
305403,20
305407,24
305473,25
305477,
305478,28
305749,24
305781,
305799,17
305882,23
305995,23
306058,17
306542,
306544,28
306556,31
306669,29
306676,21
306684,25
306703,
306708,25
306715,23
306764,
306821,22
306826,23
306851,
306922,20
307180,22
307228,
307512,25
307669,21
307707,
307805,
307955,
307993,24
308069,
308133,26
308382,25
308411,27
308435,
308443,17
308818,
308841,27
309074,18
309081,
309101,30
309102,24
309261,19
309289,18
309311,19
309482,20
309567,25
309587,24
309593,
309603,23
309649,22
309653,19
309664,19
309715,23
309722,26
309746,
309764,23
309768,25
309782,
309792,
309796,
309797,24
309800,28
309822,29
309885,20
309892,
309894,24
309925,
310081,24
310102,20
310114,21
310138,26
310169,22
310190,24
310192,20
310194,21
310215,23
310217,21
310219,25
310239,21
310248,
310251,28
310364,23
310380,18
310385,21
310387,24
310388,22
310389,19
310410,21
310448,22
310452,18
310502,23
310579,20
310593,24
310594,23
310737,
310789,
310941,22
310989,
311125,29
311175,22
311176,21
311184,23
311298,17
311322,27
311343,24
311575,21
311610,20
311658,24
311750,
311755,
311762,
311774,13
311790,22
311801,
311802,21
311807,19
311824,
311858,
311866,22
311870,22
311871,24
311902,19
311905,19
311926,24
311946,18
311988,17
312185,23
312191,30
312195,18
312196,20
312198,18
312223,23
312224,24
312254,19
312295,25
312348,
312350,19
312354,
312410,
312411,
312461,19
312462,19
312502,20
312509,
312585,19
312625,21
312799,17
312803,16
312828,23
312836,
312839,18
312845,18
312925,21
312927,22
312939,19
313007,
313093,17
313105,20
313258,
313378,15
313388,21
313432,23
313433,
313441,23
313522,19
313534,19
313574,
313614,
313615,18
313698,17
313968,19
314021,
314039,
314132,
314135,18
314137,17
314157,21
314162,19
314169,25
314186,21
314198,21
314200,
314267,
314269,18
314272,23
314364,
314389,20
314408,21
314444,19
314463,21
314494,22
314497,21
314557,23
314560,
314612,21
314648,
314691,17
314711,17
314823,16
314894,16
314904,29
314973,
315108,19
315382,
315634,23
315645,22
315903,21
315912,
315923,21
316153,23
316280,
316318,
316369,20
316375,
316391,22
316415,31
316461,20
316462,20
316542,
316544,
316545,
316565,20
316580,
316620,24
316628,18
316629,21
316631,24
316632,24
316638,21
316658,22
316661,
316702,20
316895,
316929,18
316936,25
316937,
316966,23
316981,
317007,
317029,
317034,
317036,18
317047,19
317061,20
317118,16
317229,
317246,20
317251,
317252,
317258,32
317276,19
317285,
317286,
317287,22
317311,25
317392,22
317461,18
317538,
317672,19
317688,23
317750,20
317751,18
317783,
317909,24
317944,
318031,
318209,23
318238,24
318269,
318366,20
318370,19
318512,25
318570,23
318619,21
318763,27
318826,37
318837,21
318840,25
318846,21
318874,28
318988,24
319025,21
319138,
319157,24
319159,24
319182,19
319355,26
319412,
319626,
319636,22
319677,18
319736,23
319740,
319766,19
319802,23
319872,21
319946,22
319947,
320345,21
320646,39
320671,20
320723,23
320932,24
320972,25
320994,31
321038,21
321050,21
321071,19
321181,21
321219,21
321220,21
321859,
321883,25
321922,28
321926,22
321958,23
321969,23
322104,23
322185,19
322320,25
322321,22
322398,25
322501,
322910,25
323214,22
323222,25
323233,23
323255,23
323258,25
323260,24
323263,
323265,
323311,
323323,36
323324,22
323328,29
323330,
323331,
323333,30
323335,25
323337,23
323387,
323395,23
323401,25
323402,25
323512,25
323515,
323516,30
323569,21
323594,23
323604,27
323611,
323759,22
323788,25
323814,
323816,22
323849,28
323850,28
323860,32
323862,25
323885,21
323888,23
323892,22
323915,
323927,23
324008,23
324027,
324041,24
324114,
324121,25
324123,23
324197,
324198,22
324200,22
324216,
324710,21
324805,24
324812,25
324885,24
324899,22
324917,21
324922,20
324986,35
325090,21
325091,
325119,
325204,
325492,20
325622,
325691,
325806,20
325896,
325965,23
325969,
326007,24
326047,20
326143,
326244,
326302,109
326348,23
326451,20
326452,20
326568,19
326615,35
326632,
326718,
326728,18
326789,25
327008,
327018,21
327019,23
327102,
327104,22
327106,23
327120,
327135,21
327139,22
327146,22
327171,23
327174,23
327178,24
327179,22
327181,22
327184,25
327186,23
327189,24
327196,22
327444,16
327450,
327454,17
327455,17
327464,19
327578,
327750,
327751,17
327754,18
327792,
327795,22
327851,20
327937,22
327966,22
328175,19
328190,23
328230,22
328234,23
328237,25
328238,20
328265,17
328287,25
328289,23
328290,22
328291,24
328325,20
328331,24
328368,20
328372,22
328379,24
328555,
328570,
328777,
328808,29
328825,25
328827,26
328857,26
328860,26
328896,20
328930,26
328931,
328964,
329012,
329038,
329084,22
329108,21
329116,22
329119,23
329137,
329142,24
329145,
329151,
329152,22
329187,24
329222,
329323,18
329346,16
329650,
329678,19
329707,20
329823,19
329922,25
329963,
330010,19
330060,26
330197,
330537,18
330633,18
330735,23
330983,23
331453,17
331508,23
331864,29
331871,32
331877,20
331962,23
332087,21
332127,20
332191,24
332223,26
332481,25
332559,21
332604,23
332610,23
332667,19
332697,24
332785,23
332847,22
332949,
333100,
333153,20
333159,24
333371,22
333395,26
333466,16
333666,19
333686,24
333857,25
333955,24
334157,23
334222,20
334244,
334339,
334421,18
334424,
334426,21
334455,
334461,21
334462,
334464,21
334466,24
334467,21
334470,18
334482,23
334483,19
334485,21
334487,24
334488,22
334511,
334512,22
334516,28
334857,21
334867,24
334922,18
335040,18
335042,
335186,19
335389,18
335426,20
335437,20
335440,16
335446,16
335460,27
335477,
335812,20
335858,23
335932,21
335935,18
335969,16
336024,17
336025,23
336027,20
336095,18
336096,
336098,
336217,20
336237,23
336286,
336315,25
336348,21
336394,37
336395,20
336402,21
336407,18
336411,21
336413,21
336459,
336472,22
336480,27
336481,23
336483,21
336508,26
336510,21
336523,22
336635,21
336805,
336812,23
336815,
336866,22
336867,18
336868,
336869,
336900,19
336903,19
336906,19
336908,22
336910,18
336918,
336974,
336975,21
336984,
337035,
337046,19
337114,17
337125,18
337132,22
337137,19
337138,17
337194,
337233,
337265,24
337309,
337310,
337312,23
337337,21
337415,18
337464,18
337480,
337518,19
337520,20
337523,20
337524,19
337525,20
337595,22
337642,23
337648,
337760,21
337777,27
337781,18
337858,24
337881,
337916,24
337983,23
337989,18
337992,18
337994,18
338005,19
338074,21
338116,18
338154,18
338165,15
338193,22
338195,
338196,
338241,22
338243,22
338292,22
338296,21
338337,22
338360,21
338626,18
338629,18
338647,27
338706,17
338766,18
338796,20
338827,22
338890,
338972,20
339145,24
339149,
339150,22
339151,25
339187,23
339270,21
339289,
339331,17
339333,21
339334,
339395,
339422,22
339466,
339480,20
339482,
339517,21
339555,19
339578,20
339871,23
339874,
339902,23
340021,21
340022,29
340084,
340085,24
340088,11
340092,
340185,
340236,20
340237,16
340239,18
340240,21
340241,19
340242,
340243,19
340244,18
340246,
340247,
340323,18
340329,32
340339,22
340343,18
340386,20
340388,19
340390,20
340393,16
340395,22
340429,
340432,21
340459,18
340461,
340669,
340680,24
340730,18
340797,20
340802,
340877,20
340924,34
340991,
340999,19
341026,
341092,21
341094,20
341124,23
341134,22
341170,24
341227,22
341230,
341269,
341291,27
341294,22
341389,24
341391,22
341392,20
341402,
341405,20
341435,24
341437,
341483,21
341520,22
341572,43
341574,
341576,
341577,
341578,
341637,
341638,
341690,18
341694,19
341696,
341700,19
341701,
341771,
341772,14
341773,
341774,19
341775,
341837,21
341838,22
341839,21
341841,
341842,21
341843,18
341941,
341942,
341943,
341944,16
342150,17
342157,
342165,13
342265,
342300,
342301,
342302,
342303,30
342304,18
342305,17
342306,22
342307,4
342308,16
342309,
342310,17
342471,
342521,21
342553,20
342705,19
342712,25
342731,19
342796,21
342857,
343029,23
343036,21
343116,31
343237,22
343281,
343297,20
343330,
343380,
343717,20
343942,24
343966,
344061,
344222,26
344340,23
344567,19
344609,20
345400,18
345432,23
345438,23
345462,20
345551,
345575,
345578,19
345587,24
345699,19
345701,21
345714,19
345716,22
345773,20
345777,20
345837,
345852,40
345855,20
345856,21
345949,23
345976,
346114,23
346186,22
346251,18
346284,28
346314,19
346326,25
346389,
346408,
346443,19
346449,28
346452,
346459,19
346527,
346646,24
346720,21
346873,23
346877,
346940,24
347036,23
347227,
347231,25
347333,23
347444,20
347500,19
347655,23
347668,27
347770,
348223,22
348241,
348296,27
348391,22
348543,17
349013,17
349123,
349219,27
349221,25
349274,22
349293,23
349352,23
349368,21
349384,22
349387,25
349552,22
349594,19
349605,
349646,18
349678,
349719,18
349825,
349843,
349847,27
349854,
349995,20
350102,23
350119,17
350158,18
350176,19
350193,19
350264,
350317,22
350329,18
350348,
350375,21
350406,
350440,
350476,18
350477,
350481,17
350483,21
350484,
350498,19
350499,19
350500,17
350503,22
350504,
350505,17
350506,
350513,20
350514,
350539,17
350568,21
350655,29
350689,18
350714,24
350740,17
350778,22
350802,21
350803,23
350867,
350953,18
350954,
351100,22
351101,
351102,21
351134,22
351220,22
351376,24
351434,24
351536,
351650,18
351774,21
351870,20
351931,27
351980,19
352441,26
352526,21
352552,25
352629,27
352631,
352664,30
352736,
352817,
352897,
352904,18
353000,24
353021,26
353197,25
353487,
353578,17
353706,23
353717,23
353743,
353750,25
353773,23
353780,21
353795,25
353820,23
354121,20
354142,26
354200,
354201,10
354294,26
354356,23
354359,
354382,22
354550,
354708,
354798,15
354804,
354805,20
354893,22
354929,23
355360,21
355384,
355420,24
355568,
355772,38
355777,
355867,17
355891,20
356043,26
356083,20
356103,18
356183,24
356219,26
356465,22
356477,23
356582,31
356608,23
356693,22
356731,
356771,22
356830,
356862,20
356864,27
356926,25
356928,21
356929,20
356930,23
356978,20
356982,26
356987,18
357110,
357214,20
357215,19
357302,21
357356,
357372,20
357384,18
357387,22
357414,
357466,26
357492,24
357591,19
357603,20
357609,23
357611,18
357612,19
357817,20
357906,24
357922,
357932,23
358059,21
358139,21
358195,
358228,
358237,
358288,19
358293,25
358330,21
358346,
358446,
358452,
358535,26
358566,18
358568,
358578,21
358602,
358623,24
358729,21
358952,32
359134,19
359145,20
359151,
359233,20
359358,17
359407,
359434,20
359509,
359605,20
359639,25
359880,26
359934,22
360229,20
360286,25
360329,
360503,26
360506,26
360752,
360816,25
360954,24
360991,19
361004,17
361035,21
361037,22
361039,21
361041,21
361134,
361146,21
361207,23
361373,23
361465,25
361554,
361598,19
361653,19
361766,19
361814,22
361815,21
361816,21
362068,24
362185,
362341,22
362408,28
362410,
362413,23
362558,22
362581,
362641,23
362661,19
362695,21
362749,
362762,24
362863,
362867,23
363004,22
363165,26
363225,22
363254,24
363360,30
363689,
363835,26
364123,24
364162,19
364208,19
364245,22
364249,23
364275,
364280,22
364282,
364354,28
364441,20
364516,
364517,22
364519,19
364561,20
364584,23
364610,20
364648,24
364649,45
364651,22
364660,24
364669,36
364721,20
364771,
364784,20
364791,23
364813,22
364824,23
365113,27
365142,27
365333,20
365470,23
365506,26
365554,21
365575,21
365587,
365693,18
365720,20
365803,20
365890,17
365928,
365964,
366072,26
366230,23
366240,23
366364,26
366679,23
366698,26
366773,16
366851,
367033,18
367246,23
367678,21
367752,23
367912,19
368147,28
368221,26
368230,19
368511,19
368589,19
368623,23
368659,24
368665,
368680,22
368737,19
368794,
368944,21
369158,22
369160,22
369205,21
369347,20
369395,19
369559,26
369622,15
369664,
370120,19
370133,23
370415,21
370569,26
370604,
371051,
371185,26
371190,
371217,26
371234,21
371265,20
371402,
371434,24
371461,23
371500,
371539,
371890,21
371894,27
371939,
372037,28
372071,
372073,
372075,
372077,22
372080,22
372081,24
372113,22
372114,22
372236,21
372237,20
372273,21
372275,
372647,
372749,
372834,22
373116,24
373129,21
373147,23
373197,
373305,24
373331,25
373353,24
373355,
373416,24
373506,
373509,25
373568,24
373731,
373795,25
373879,17
374281,18
374337,
374371,20
374566,24
374807,26
375046,18
375612,21
375916,23
376051,22
376162,22
376187,19
376352,22
376367,24
376424,29
376604,18
376709,35
376797,
377165,18
377511,22
377611,
377657,23
377669,34
378076,31
378080,23
378120,25
378246,
378340,
378618,25
378653,28
378673,21
378713,30
378832,26
378839,23
379045,25
379084,
379176,
379195,
379199,20
379305,28
379332,21
379494,25
379548,
379604,
379605,24
379628,25
379637,25
379641,23
379642,24
379644,25
379680,51
379682,27
379683,23
379684,24
379685,23
379696,23
379698,24
379699,24
379700,24
379701,24
379709,
379775,23
379808,31
379811,27
379839,22
379891,18
379919,
379938,25
379958,
380010,30
380105,
380191,23
380249,22
380316,31
380388,20
380535,
380584,19
380615,21
380630,22
380653,
380654,44
380655,32
380656,25
380670,
380671,
380679,21
380731,20
380866,
380868,25
380876,
380877,
380901,21
380943,
380981,
381008,20
381047,20
381293,28
381318,
381356,14
381403,30
381427,24
381639,18
381684,20
381965,27
382119,32
382218,24
382264,
382310,24
382389,22
382391,19
382489,
382633,18
382692,17
382765,22
382778,33
382858,22
382931,19
382967,23
383110,17
383282,
383293,25
383375,
383478,
383599,22
383611,17
383632,
383678,20
383796,24
383963,23
384120,22
384166,26
384313,20
384485,28
384548,22
384724,18
384753,22
384846,17
385047,
385059,25
385060,28
385119,
385317,
385361,26
385393,
385394,25
385435,26
385468,22
385493,18
385622,25
385646,
385826,28
385841,20
385964,23
386105,22
386220,21
386258,23
386521,24
386525,
386573,19
386578,24
386581,
387244,21
387280,21
387309,19
387353,23
387359,23
387361,17
387362,19
387381,17
387402,
387405,18
387430,18
387489,42
387583,18
387618,20
387915,34
387924,25
387925,17
387939,
387987,20
388002,
388004,18
388008,
388010,18
388014,19
388027,16
388312,18
388382,
388555,
388767,18
388859,19
389085,
389089,18
389136,24
389204,
389231,18
389479,24
389538,
389594,17
389646,
389712,
389739,21
389774,20
389779,22
389911,22
389938,21
390627,22
390677,24
390842,17
390873,18
391153,19
391192,20
391193,26
391194,23
391195,
391198,20
391201,23
391230,
391231,26
391232,24
391233,21
391234,23
391235,24
391236,25
391237,
391238,23
391263,24
391264,24
391265,21
391270,23
391271,24
391272,
391273,24
391274,21
391323,31
391328,21
391469,17
391610,21
391652,25
391696,17
391725,21
392093,16
392116,
392156,19
392160,
392213,17
392303,21
392319,30
392336,15
392341,25
392668,23
392970,23
393030,
393252,22
393427,21
393649,23
393693,21
393726,19
393729,19
393771,20
393794,21
394209,23
394221,17
394224,20
394228,15
394362,21
394457,26
394504,
394510,18
394518,27
394520,27
394622,26
394781,21
394789,
394790,22
394822,
394868,21
394873,18
394883,20
394891,
394892,19
394900,29
394982,20
395030,21
395033,24
395034,21
395037,23
395114,24
395118,23
395172,20
395173,20
395175,25
395220,24
395228,
395231,21
395238,19
395242,
395255,
395258,23
395259,24
395260,24
395262,27
395266,24
395280,24
395299,21
395302,23
395303,24
395324,18
395402,24
395423,16
395520,19
395551,22
395553,26
395556,
395572,20
395574,
395589,25
395591,26
395592,27
395593,24
395632,23
395633,24
395639,21
395658,26
395672,22
395673,21
395674,28
395676,26
395741,20
395762,
395785,21
395786,19
395791,22
395840,
395842,18
396278,18
396307,
396473,
396564,18
396756,20
396913,
397184,18
397202,22
397399,23
397443,
397450,19
397500,
397504,23
397635,
397798,
397900,
398005,20
398314,20
398435,20
398595,25
398615,33
398634,18
398729,21
398747,20
398750,19
398826,18
398828,17
398843,21
398927,
398948,25
399181,
399240,
399356,
399455,24
399513,19
399663,24
399664,21
399709,27
400040,20
400145,23
400239,27
400270,19
400284,34
400342,
400350,25
400365,19
400531,22
400661,
400697,17
400698,
401218,20
401231,20
401232,
401233,
401292,
401825,26
401852,
401854,26
401914,
401930,20
401931,
401932,27
401986,25
402017,23
402019,
402024,24
402095,23
402137,
402177,21
402179,23
402181,22
402182,24
402183,25
402187,
402268,
402270,23
402271,
402342,23
402346,21
402347,23
402353,23
402473,22
402487,31
402488,23
402547,27
402549,
402588,
402603,
402645,26
402734,19
402884,17
403002,
403108,25
403257,
403317,21
403709,
403755,21
404060,25
404102,
404247,34
404264,20
404296,20
404333,20
404340,18
404341,
404344,16
404349,14
404472,19
404704,24
404949,
404952,23
404994,23
405001,
405101,21
405231,24
405267,
405425,83
405643,
405653,17
405692,17
405696,19
405718,
405719,18
405723,19
405750,17
405755,18
405782,28
405785,26
405789,27
405799,17
405802,
405804,17
405824,
405831,28
405835,32
405836,
405846,18
405850,
405868,30
405875,19
405883,
405885,20
405929,24
405962,26
406073,24
406125,23
406126,20
406127,
406183,23
406219,20
406230,
406298,22
406313,25
406318,26
406331,24
406368,21
406458,23
406520,
406574,19
406645,19
406681,
406687,20
406731,26
406768,22
406819,24
407059,30
407079,28
407086,22
407121,16
407124,25
407131,29
407132,
407136,28
407141,22
407157,27
407161,27
407187,
407276,23
407315,20
407319,27
407330,21
407332,21
407333,24
407401,18
407410,29
407639,17
407689,24
407696,31
407698,27
407699,28
407702,28
407703,32
407713,
407736,21
407790,24
407838,
407933,
408065,
408268,21
408443,20
408445,
408630,20
408637,22
408748,19
408756,27
408785,23
408801,22
408821,24
408964,31
409007,23
409098,23
409133,26
409202,23
409263,
409270,20
409345,23
409348,22
409349,
409379,22
409382,23
409383,23
409409,24
409436,24
409501,25
409657,27
409738,21
409836,
409914,
409963,23
409998,24
410090,24
410129,22
410260,21
410293,20
410313,21
410379,22
410383,21
410458,25
410566,22
410614,22
410727,22
410796,20
410852,18
410882,27
410931,22
410932,21
411003,
411029,
411142,20
411146,
411202,18
411270,17
411370,23
411396,
411401,
411443,23
411500,20
411503,23
411507,24
411534,19
411569,23
411620,
411644,20
411785,19
411841,19
411944,22
411946,24
411950,17
412004,
412096,
412124,20
412126,20
412128,
412149,
412225,32
412398,33
412472,23
412501,18
412726,
412935,18
412945,15
412995,
413012,
413043,21
413067,
413088,
413164,
413349,
413414,18
413544,
413547,
413631,18
413632,18
413700,
413820,22
413850,
413885,34
413886,21
413889,21
413970,
413972,19
413976,20
413978,25
414104,19
414107,25
414118,19
414276,17
414328,19
414395,
414651,24
414697,22
414890,23
414974,24
415205,16
415207,
415241,19
415302,20
415303,
415304,18
415308,20
415310,
415311,19
415397,20
415496,
415513,27
415523,
415594,21
415721,26
415725,27
415732,24
415893,21
415902,20
415943,26
415950,24
415973,22
416137,23
416201,21
416237,22
416313,
416354,23
416357,22
416426,21
416429,22
416506,
416645,
416708,18
416712,
416714,19
416897,19
416925,22
416927,22
416950,18
416989,26
417012,18
417016,30
417022,28
417027,21
417032,27
417046,23
417102,18
417123,23
417184,25
417406,21
417665,29
417807,19
417809,22
417916,27
418006,21
418157,
418166,18
418234,19
418255,28
418257,
418258,21
418290,21
418343,20
418371,20
418372,19
418374,20
418479,20
418592,24
418675,20
418678,
418744,19
418842,22
418915,23
419011,20
419046,24
419049,22
419107,22
419136,26
419145,26
419181,
419183,25
419186,22
419243,21
419248,22
419251,21
419301,23
419352,20
419353,22
419401,
419446,
419557,19
419571,26
419712,
419717,21
419732,21
419737,27
419753,
419806,19
419891,23
419917,
420061,19
420068,26
420119,22
420145,17
420166,
420174,16
420175,17
420265,19
420269,22
420343,21
420345,20
420352,18
420362,25
420441,19
420444,17
420463,23
420501,24
420588,21
420731,19
420732,21
420754,
420763,
420860,19
420865,21
420887,22
420888,27
420889,19
420919,
420924,22
420928,
421073,22
421123,17
421124,17
421127,
421186,
421215,
421259,21
421264,21
421285,22
421304,25
421355,23
421383,24
421415,23
421552,22
421577,
421888,
421890,27
421923,19
421925,24
421928,
421993,22
421994,22
422041,
422043,25
422045,22
422072,21
422109,24
422264,22
422307,23
422363,21
422369,23
422387,20
422555,21
422568,22
422601,28
422629,24
422658,20
422805,38
422841,24
422858,24
422860,24
422875,22
422877,20
422908,23
422918,
422973,
422995,
423000,17
423001,22
423011,23
423027,
423039,
423040,
423041,17
423062,
423064,22
423068,
423079,
423088,20
423099,30
423104,22
423105,
423127,32
423136,
423165,21
423459,24
423465,17
423494,22
423570,
423599,20
423614,
423646,16
423895,
423960,
424599,
424618,19
424623,25
424677,22
424700,23
424796,21
424835,24
424848,
424851,22
424927,24
425074,
425194,34
425323,19
425441,18
425535,19
425600,
425690,26
425700,
425702,20
425703,24
425908,23
425946,20
426077,21
426124,19
426141,32
426205,18
426242,17
426284,17
426290,21
426292,30
426329,
426332,
426333,17
426335,25
426337,22
426358,23
426371,17
426374,18
426375,
426397,
426399,22
426420,17
426456,20
426457,20
426467,
426492,24
426497,24
426500,26
426581,19
426586,18
426588,19
426589,19
426685,
426720,
426721,17
426820,
426832,22
426850,22
426902,21
426904,21
426923,
427200,
427324,36
427532,
427552,21
427554,23
427622,19
427657,23
427768,17
427828,
427840,19
427887,17
427890,18
427910,20
427945,
427956,21
427971,20
428005,24
428046,26
428060,
428079,27
428080,22
428107,26
428131,23
428140,
428148,18
428160,
428167,17
428175,
428222,
428223,
428244,21
428271,29
428273,21
428310,20
428316,
428319,
428320,
428324,
428325,
428326,
428329,
428344,21
428347,19
428348,21
428349,
428357,16
428362,16
428366,
428386,19
428393,17
428395,
428398,
428568,19
428610,
428624,
428627,20
428631,18
428647,17
428650,
428663,19
428689,17
428709,23
428715,15
428729,21
428770,20
428829,
428831,23
428832,19
428876,23
428878,19
428920,20
428933,22
428966,19
428970,18
429080,25
429151,
429162,
429167,
429169,21
429171,20
429172,
429183,21
429368,22
429400,30
429414,13
429430,21
429431,17
429442,25
429525,20
429537,21
429572,18
429573,17
429575,
429581,21
429582,18
429590,19
429591,19
429625,18
429629,19
429634,17
429654,18
429656,18
429663,
429722,18
429724,18
429735,21
429777,
429793,22
429794,
429798,
429998,26
430069,20
430123,
430127,21
430141,21
430143,20
430178,
430199,19
430252,21
430257,
430292,18
430294,19
430311,19
430312,22
430313,
430327,14
430328,
430329,
430365,19
430366,19
430367,21
430378,20
430400,18
430403,20
430407,
430408,
430409,
430410,44
430460,19
430461,21
430462,21
430509,18
430510,18
430511,18
430512,18
430540,20
430541,17
430583,23
430591,18
430593,
430594,26
430595,19
430596,19
430597,18
430626,
430690,20
430696,
430729,22
430765,38
430766,
430767,19
430768,19
430779,20
430796,21
430806,
430839,
430840,21
430843,
430847,18
430848,
430849,
431040,
431157,20
431181,21
431214,21
431215,19
431216,
431218,
431294,20
431312,21
431316,19
431332,18
431346,
431347,19
431348,21
431349,20
431370,
431430,
431499,23
431667,
431962,21
432009,19
432201,
432257,24
432305,20
432309,16
432310,18
432322,26
432375,23
432591,27
432720,22
432786,26
432839,
432867,21
432868,22
432871,22
433008,27
433147,22
433150,21
433166,23
433224,24
433241,22
433303,27
433329,
433334,
433371,18
433435,23
433441,30
433443,17
433444,22
433483,23
433484,20
433489,21
433490,21
433572,21
433573,22
433574,
433575,21
433670,
433768,20
433803,
433811,22
433838,
433839,21
433873,20
433898,20
433904,
433925,21
434045,21
434152,31
434239,22
434256,20
434258,
434300,
434348,20
434417,23
434435,21
434436,23
434475,22
434498,
434517,24
434522,
434557,
434577,22
434634,43
434665,21
434680,
434926,22
434931,20
434935,
434936,19
434965,20
434997,22
435000,21
435030,
435139,32
435229,18
435238,16
435277,21
435334,30
435359,
435362,21
435657,
435772,22
435824,
436049,
436062,23
436087,
436173,19
436175,20
436186,21
436206,21
436213,23
436228,21
436233,19
436366,19
436374,
436472,22
436484,22
436490,28
436505,21
436579,24
436580,
436610,23
436619,18
436632,17
436655,22
436656,21
436741,
436748,23
436763,27
436790,17
436994,16
437025,19
437054,21
437059,
437248,21
437256,
437324,
437341,22
437365,20
437427,33
437557,31
437591,
437670,28
437734,25
437755,17
437788,22
437871,27
437908,20
437932,
437945,22
438021,32
438243,
438281,
438298,21
438353,
438377,20
438491,20
439069,26
439120,27
439162,
439167,28
439169,
439182,23
439226,21
439350,18
439818,22
439826,24
439922,21
440021,25
440059,
440117,
440172,28
440199,
440286,21
440288,
440292,21
440303,
440389,23
440539,
440826,19
440844,
440848,30
440865,
440869,22
440898,27
440904,
440994,25
441111,21
441115,24
441116,
441139,24
441145,25
441147,25
441243,23
441259,
441267,24
441269,29
441347,24
441418,23
441423,25
441497,22
441531,16
441619,32
441621,19
441691,
441775,20
441876,21
442013,25
442048,25
442071,
442083,21
442088,24
442100,
442135,23
442372,20
442373,20
442413,
442424,18
442764,18
442831,32
442848,33
442962,17
443170,22
443255,
443289,17
443391,21
443603,24
443779,20
443790,23
443842,
443877,
443923,20
443924,
443925,20
444081,26
444153,21
444172,33
444182,
444183,
444216,23
444241,
444250,21
444258,
444308,20
444389,
444442,
444465,21
444482,25
444484,25
444515,23
444533,17
444540,25
444552,23
444581,
444633,16
444640,24
444696,21
444714,
444716,22
444719,
444743,17
444751,26
444764,17
444801,22
444806,21
444836,21
444837,
444955,21
444957,22
445006,19
445031,25
445082,24
445101,20
445113,27
445118,23
445265,
445408,
445451,21
445460,24
445461,22
445492,19
445518,21
445524,
445591,23
445827,25
445845,24
445885,
445957,23
445988,20
446387,18
446442,25
446476,
446605,
446609,19
446682,24
446734,18
447015,16
447022,29
447041,23
447141,23
447493,25
447514,21
447559,24
447622,25
447643,27
447658,21
447670,24
447673,24
447697,
447708,
447719,25
447804,22
447805,
447840,24
447939,22
447983,19
448021,20
448231,23
448680,
448708,23
448749,27
448750,19
448778,18
448826,
448833,18
448842,
448917,
449018,22
449074,20
449139,23
449188,22
449247,22
449249,22
449609,20
449709,
449825,100
449835,20
449905,
449929,25
449934,18
450039,19
450064,22
450066,20
450103,17
450309,24
450325,29
450411,
450483,21
450506,26
450533,33
450549,22
450552,
450607,26
450676,27
450730,25
450733,24
450734,
450735,26
450836,25
450881,17
450946,21
451051,21
451098,26
451102,17
451210,22
451237,
451253,22
451524,24
451532,20
451589,19
451642,20
451695,21
451746,
451817,33
451833,21
451903,25
451917,19
451945,34
452019,19
452118,24
452200,20
452246,27
452549,22
452579,27
452636,
452853,
452855,15
453229,19
453267,46
453384,
453454,22
453725,20
453989,22
454195,18
454338,
454371,20
454391,
454458,
454582,
454600,20
454626,19
454722,18
454738,19
454848,
455167,19
455190,
455222,
455225,
455240,
455242,19
455461,
455640,
455685,18
455817,19
455856,16
455908,
455909,
455913,
455946,30
455949,18
455954,19
456022,16
456192,16
456256,18
456266,17
456414,25
456733,24
456793,18
456795,23
456797,
457437,
457450,
457482,
457600,
457763,
457764,
457781,20
457815,22
457917,46
457929,
457930,
457931,16
457956,
457961,
457963,27
457994,34
458081,28
458248,19
458302,26
458308,24
458342,17
458360,24
458372,20
458436,17
458456,15
458659,19
458741,
458804,
458806,22
458859,25
458911,23
459183,17
459244,22
459274,
459278,
459314,19
459316,
459321,17
459377,
459426,
459429,18
459448,
459449,18
459450,18
459452,
459774,18
460128,29
460648,17
461058,
461135,21
461192,20
461426,17
461498,
461890,21
461941,29
461948,18
461996,17
462265,25
462301,
462304,
462310,20
462430,
462431,18
462688,21
462929,14
462976,21
462979,18
462999,22
463193,
463221,22
463280,
463289,
463311,18
463333,21
463409,21
463622,31
463676,21
463718,26
463801,24
464095,
464100,20
464141,21
464146,26
464156,16
464171,
464172,
464173,23
464174,23
464421,
464686,20
464889,21
464999,23
465000,
465278,25
465291,23
465387,27
465669,
465978,24
465979,
465980,26
465983,
465984,
465987,17
466040,
466041,112
466042,29
466090,25
466094,18
466136,25
466137,
466170,23
466172,24
466173,21
466175,22
466178,23
466232,
466236,
466239,20
466323,21
466397,27
466408,25
466484,21
466488,20
466489,24
466523,23
466669,22
466684,
466706,47
466831,32
466846,25
467024,
467086,30
467138,23
467380,18
467381,19
467401,18
467410,30
467574,18
468608,26
468696,22
468951,25
469145,22
469206,25
469219,
469222,23
469265,22
469269,21
469272,
469370,20
469431,24
469455,34
469462,
469463,23
469696,22
469796,23
469872,28
470118,17
470195,21
470281,25
470356,27
470404,
470433,17
470661,20
470749,26
471104,
471118,22
471155,26
471266,22
471311,22
471326,20
471330,17
471400,24
471477,16
471589,21
471855,21
472029,
472046,24
472352,25
472404,24
472729,
472736,27
472739,25
473198,
473523,
473525,15
473664,15
473888,20
473909,
474251,19
474269,20
474723,21
474734,22
474842,25
474917,27
474982,24
474998,21
475080,28
475095,20
475329,40
475453,22
475558,
475858,21
476068,32
476131,18
476133,
476272,23
476604,17
476837,
477007,24
477048,20
477056,29
477113,22
477121,20
477158,21
477190,18
477191,17
477192,18
477206,17
477231,18
477232,18
477284,25
477354,44
477373,17
477647,25
477699,26
477858,22
477897,20
478003,
478145,
478374,18
478390,17
478431,23
478451,20
478520,22
478583,22
478585,
478587,22
478589,22
478618,21
478688,24
478748,20
478773,22
478791,25
478794,22
478808,22
478902,19
478978,25
479009,21
479034,24
479036,20
479038,20
479054,20
479057,19
479181,
479186,23
479187,21
479199,24
479219,
479221,24
479222,23
479224,
479255,22
479266,23
479273,24
479293,
479336,16
479661,24
479926,30
480167,
480241,
480431,20
480476,
480501,23
480539,
480574,21
480690,
480732,
480776,
480778,19
480797,22
480804,
480806,
480823,
480825,
480826,24
480875,18
480876,19
480909,32
480973,17
481006,25
481026,19
481075,
481164,27
481200,
481228,26
481463,
481466,
481469,18
481477,18
481506,
481629,
481973,24
481977,18
481979,27
481983,
481987,19
482024,19
482025,19
482173,23
482238,27
482332,
482360,
482607,
482638,17
482640,
482721,19
482816,
482819,19
482830,29
482836,24
482901,
482924,29
482933,
483054,25
483103,
483191,21
483431,16
483433,34
483628,
483747,18
483901,23
483959,27
484072,19
484320,
484458,19
484747,24
484894,24
485111,18
485225,19
485333,22
485336,18
485341,14
485366,19
485390,
485588,
485685,18
485705,20
485707,20
485708,21
485860,
486211,21
486274,22
486292,
486361,20
487032,18
487093,22
487159,22
487273,
487330,22
487451,20
487455,25
487809,
487869,26
487908,12
488075,23
488130,18
488146,28
488148,26
488169,
488191,20
488217,21
488247,
488279,23
488291,18
488307,22
488308,21
488357,23
488526,21
488529,25
488647,21
488730,17
488795,
488828,28
488840,17
488891,44
489059,23
489063,
489099,
489119,18
489247,19
489392,19
489502,25
489737,21
489757,20
489769,21
489972,
490252,17
490408,31
490501,30
490579,26
490677,24
490681,
490713,25
490719,
490732,23
490754,25
490803,23
490804,22
490808,23
490820,26
490890,29
490891,
491361,27
491365,21
491366,
491383,
491384,22
491385,21
491389,23
491392,15
491394,24
491407,24
491413,20
491414,21
491417,21
491418,21
491422,22
491444,21
491446,21
491451,
491453,
491516,20
491517,19
491518,24
491519,21
491520,20
491521,24
491524,
491544,22
491546,22
491550,20
491551,20
491553,24
491562,19
491563,
491581,22
491582,112
491591,22
491601,
491677,
491733,25
491804,24
492065,
492066,25
492295,15
492718,22
492719,25
492746,22
492774,21
492812,21
492961,24
493004,18
493276,31
493362,18
493477,25
493495,21
493503,24
493545,31
493616,
493770,19
493839,26
493846,
493882,30
494095,21
494106,
494202,24
494277,24
494335,18
494393,27
494503,23
494533,15
494547,21
494548,
494550,
494552,
494622,23
494639,24
494709,15
494787,20
494925,24
494992,
495007,19
495102,
495351,
495352,
495401,22
495409,17
495608,15
495672,26
495676,27
495766,23
495795,27
495826,22
495896,20
495930,
495998,20
496544,
497212,
497214,23
497250,25
497256,
497285,
497287,17
497311,45
497393,19
497418,
497419,
497513,20
497695,26
497699,
497701,18
497703,17
497704,
497705,
497717,23
497743,19
497789,
497884,27
497892,
498004,22
498134,
498304,
498307,23
498349,
498370,
498404,
498460,25
498494,26
498562,20
498615,
498626,
498662,22
498678,30
498736,22
498746,25
498983,29
499047,19
499072,23
499078,23
499080,23
499081,23
499184,
499207,23
499212,
499254,23
499255,21
499256,23
499273,
499277,
499279,27
499354,23
499398,
499775,24
499809,24
499847,
499874,23
499879,19
499905,
499936,23
500116,1
500123,19
500316,24
500464,17
500467,24
500513,25
500514,24
500519,20
500589,
500590,23
500658,27
501073,23
501332,
501389,24
501390,25
501489,22
501568,16
501638,26
501644,16
501772,18
501778,23
501798,25
501818,22
501819,24
501861,31
501899,20
501931,24
502004,21
502008,29
502014,19
502015,20
502019,22
502041,21
502042,
502048,
502072,23
502073,25
502076,
502079,21
502080,
502124,24
502128,20
502145,
502154,20
502155,
502182,20
502183,
502194,23
502196,23
502198,
502199,
502200,26
502208,20
502250,23
502259,25
502262,32
502277,23
502407,24
502410,19
502597,27
502623,27
502647,20
502800,18
502828,20
502835,26
502919,22
502956,27
502979,24
503078,
503231,
503237,17
503260,
503427,
503480,21
503663,21
503674,
503723,28
503746,
503747,
503785,25
503821,
503853,32
503863,23
503874,22
503879,18
503936,22
504441,
504741,
504743,
504845,22
504910,
504981,24
505141,
505326,23
505467,19
505925,16
506005,22
506068,
506188,
506252,18
506261,21
506292,32
506548,24
506586,24
506670,20
506962,
507094,
507450,25
507604,30
507638,34
507775,26
507807,23
507868,22
507869,22
508085,26
508249,
508306,
508432,24
508503,20
508539,22
508587,18
508591,22
508623,
508625,21
508646,19
508648,20
508693,
508697,18
508745,19
508756,17
508757,17
508759,
508807,
508843,19
508993,24
509150,20
509170,20
509218,
509271,21
509440,25
509441,18
509608,23
509678,30
509822,
509941,17
509951,
510071,20
510073,18
510093,22
510097,24
510107,24
510109,22
510244,25
510249,23
510262,26
510465,
510471,18
510472,22
510587,
510589,
511112,26
511140,18
511305,18
511714,
511756,24
511762,23
511803,24
511962,20
512236,21
512773,26
512826,24
513031,23
513157,26
513197,
513325,23
513379,19
513474,21
513801,24
513986,
514233,19
514298,26
514317,21
514376,20
514673,25
514917,26
515360,18
515389,17
515394,18
515406,21
515419,28
515447,23
515448,24
515467,
515567,24
515745,18
515813,18
515898,23
515973,20
515983,
516031,22
516036,22
516037,22
516102,23
516482,28
516487,
516492,27
516678,
516704,24
517074,29
517114,
517153,26
517264,
517351,
518004,
518038,
518063,22
518204,23
518205,22
518387,24
518446,22
518477,25
518571,20
518591,19
518658,23
519111,21
519297,25
519358,22
519396,18
519480,16
519831,21
520697,31
520747,28
520967,23
521080,
521175,27
521182,32
521229,22
521745,17
521987,21
522027,
522571,22
522589,35
522933,26
523169,17
523259,26
523310,25
523311,25
523334,34
523437,25
523440,20
523504,20
523725,
524087,21
524090,23
524335,19
524355,18
524404,23
524452,24
524459,20
524669,21
524883,
525395,21
525401,23
525530,
525581,21
525583,25
525947,19
526130,
526148,28
526174,35
526571,31
526572,26
526580,28
526704,23
526820,23
526881,23
526912,25
526914,
527025,18
527115,
527169,
527170,20
527173,
527235,22
527252,28
527281,20
527284,20
527338,23
527372,24
527378,20
527381,22
527390,21
527514,23
527588,23
527681,23
527686,21
527688,23
527712,21
527966,23
528026,34
528029,
528358,
528770,27
528999,24
529039,
529109,
529121,23
529163,19
529270,31
529281,21
529365,24
529368,23
529369,20
529420,18
529749,25
529779,
530168,27
530188,18
530274,19
530296,17
530370,22
530457,22
530478,18
530486,22
530589,21
530596,24
530853,23
530857,23
530942,20
530945,22
530990,19
531022,24
531033,25
531034,21
531076,20
531080,19
531139,
531154,
531183,17
531233,
531234,
531236,16
531239,
531262,16
531276,
531280,16
531282,
531283,16
531312,16
531337,22
531415,
531508,
531513,
531552,19
531693,22
531825,22
531831,22
532072,24
532169,
532224,22
532252,28
532277,34
532386,19
532455,22
532470,23
532480,22
532516,
532521,19
532559,19
532586,37
532852,22
533021,20
533110,
533135,21
533230,24
533231,
533275,18
533311,
533313,19
533342,24
533348,20
533378,49
533398,23
533401,
533404,20
533450,
533452,21
533491,19
533527,
533552,26
533589,23
533616,23
533618,28
533619,27
533621,24
533636,19
533642,
533643,
533645,
533647,
533648,27
533650,
533651,27
533757,20
533996,22
534011,22
534012,23
534014,21
534016,
534017,
534132,22
534133,
534135,19
534271,25
534400,
534476,
534538,18
534555,
534612,30
534690,23
534700,
534704,22
535034,21
535289,
535291,24
535776,22
535781,21
535847,23
535848,25
536040,27
536044,21
536128,23
536163,
536176,
536225,23
536226,
536227,24
536243,22
536291,20
536524,24
536546,34
536621,19
536662,23
536943,24
537002,19
537080,27
537146,
537196,25
537414,25
537440,17
537505,
537535,
537595,24
537716,
537809,23
537932,20
538206,29
538207,23
538208,
538344,28
538345,29
538349,
538368,25
538377,23
538444,
538446,34
538447,51
538448,19
538522,25
538564,
538784,22
538813,25
538854,23
538874,21
538892,24
538916,18
539021,
539144,18
539178,22
539179,23
539241,
539244,
539246,21
539384,25
539463,
539526,
539530,21
539713,23
539721,19
539787,25
539798,22
539811,24
539869,
539889,17
539975,
539994,
540047,22
540070,
540107,26
540116,22
540171,11
540225,25
540396,18
540401,
540426,23
540438,24
540470,
540486,
540572,23
540596,24
540600,
540601,22
540688,
540729,25
541078,
541451,23
541467,22
541473,21
541525,21
541608,25
541750,21
541866,23
541890,23
541933,
542063,20
542065,20
542095,23
542098,20
542099,19
542101,22
542133,26
542306,23
542313,23
542499,
542513,20
542532,19
542534,20
542555,20
542556,21
542558,
542559,19
542560,
542570,19
542571,
542573,20
542575,17
542576,22
542593,19
542609,26
542763,20
542765,19
542769,
542815,20
542838,21
542879,21
542926,
543031,18
543094,23
543128,29
543154,21
543352,27
543431,30
543489,25
543511,27
543537,25
543665,
543906,
543909,23
543940,
544238,17
544629,28
544645,19
544654,24
544667,
544738,
544903,23
544918,31
544959,
544982,
545018,
545083,27
545167,
545415,22
545476,22
545487,
545526,18
545570,
545624,
545634,20
545685,20
545750,25
545817,
545819,
545820,22
545824,20
545862,18
545863,19
545864,24
545866,19
545904,17
545909,19
545911,22
545934,18
545943,
545945,22
545947,22
545985,
545994,19
546032,
546045,18
546048,
546049,19
546091,
546245,
546303,16
546482,25
546486,19
546493,31
546511,
546553,22
546614,19
546661,
546665,20
546678,38
546680,24
546681,
546703,28
546715,
546735,17
546736,
546777,20
546779,21
546789,24
546977,20
546983,
546984,22
547002,20
547003,23
547006,20
547038,
547039,18
547040,26
547043,
547063,
547064,
547068,21
547089,19
547090,20
547091,20
547095,21
547119,18
547126,20
547130,
547131,21
547132,
547138,19
547139,18
547141,28
547149,
547161,19
547176,
547178,
547182,
547186,21
547228,20
547230,
547232,
547233,20
547235,
547257,
547262,19
547269,20
547273,20
547281,21
547297,23
547325,21
547369,
547371,24
547373,22
547375,23
547379,
547383,17
547394,25
547397,22
547398,
547409,22
547412,31
547413,
547416,17
547427,35
547460,20
547464,
547473,22
547474,22
547477,21
547478,26
547481,
547491,22
547498,18
547505,
547507,16
547514,
547517,22
547518,27
547526,22
547528,21
547544,
547547,26
547555,
547573,
547575,18
547715,
547716,18
547782,20
547784,19
547819,16
547825,
547903,
547931,21
547952,
547969,22
547974,21
547980,18
548019,17
548046,
548077,22
548079,
548086,19
548089,19
548108,23
548110,26
548111,23
548132,25
548152,
548195,21
548200,23
548221,19
548222,18
548224,23
548277,
548278,
548372,
548407,
548409,21
548416,
548499,
548515,20
548545,
548547,21
548587,17
548739,20
548805,23
548807,
548808,34
548814,
548815,19
548817,23
548845,23
548846,22
548861,23
548862,20
548928,
548929,
548944,
548964,29
549040,21
549063,
549070,
549071,26
549097,
549137,
549138,17
549160,18
549182,
549225,
549237,23
549253,20
549338,20
549340,
549362,18
549391,
549411,
549412,
549415,22
549434,19
549444,
549571,20
549596,20
549607,23
549608,18
549646,21
549680,16
549694,23
549724,
549725,20
549752,21
549762,29
549763,11
549802,17
549940,
549958,18
549963,25
550125,19
550126,20
550187,20
550208,
550211,22
550250,
550252,
550339,22
550341,21
550351,
550355,24
550391,25
550394,
550411,19
550432,28
550434,19
550438,
550462,20
550464,22
550502,
550514,
550599,15
550608,
550609,23
550610,
550681,
550761,
550777,23
550783,20
551250,
551251,21
551254,
551341,
551440,31
551498,22
551500,22
551505,22
551545,23
551553,
551621,22
551666,25
551693,22
551696,
551700,23
551753,20
551823,
551872,24
552108,20
552121,30
552256,
552301,25
552305,22
552320,25
552379,
552413,24
552566,
552569,25
552575,24
552672,22
552754,
552857,
552926,
552979,20
553019,20
553061,
553314,18
553349,21
553410,21
553781,23
553881,
553974,18
554012,23
554067,31
554146,19
554239,
554481,23
554589,24
554663,22
554666,18
554713,24
554760,
554783,
554894,25
554977,
555116,
555178,25
555195,20
555228,23
555402,22
555480,19
555484,26
555491,22
555556,
555712,23
555898,18
555905,23
555968,20
556026,26
556040,
556061,
556077,21
556196,27
556355,22
556489,21
556491,24
556709,23
556754,25
556999,24
557133,24
557185,23
557230,23
557258,23
557485,21
557498,16
557546,17
557607,30
557616,23
557622,
557692,
557713,28
557725,22
557726,
557838,20
558005,18
558018,21
558060,19
558104,23
558114,22
558142,25
558145,27
558156,28
558354,24
558358,24
558372,23
558455,24
558495,24
558669,21
558750,24
558765,32
558775,24
558798,21
558803,23
558858,18
558861,22
558869,
558888,22
558912,24
558947,22
558989,19
559100,23
559102,22
559177,24
559188,19
559540,30
559597,20
559624,19
559625,20
559626,30
559678,26
559727,
559845,20
559925,21
559945,28
559995,29
560001,
560003,
560006,21
560159,18
560169,19
560174,19
560219,
560224,
560226,33
560231,20
560239,20
560310,24
560311,29
560313,
560316,27
560317,
560319,21
560327,25
560341,27
560345,24
560346,
560384,
560392,19
560393,
560434,24
560501,21
560502,19
560504,23
560552,
560573,
560789,25
560851,24
561031,24
561059,25
561065,
561108,
561109,23
561110,
561137,
561141,24
561153,22
561330,20
561352,
561412,
561483,25
561647,
561665,21
561672,20
561994,21
562047,23
562052,
562224,23
562302,26
562386,23
562387,23
562389,23
562392,23
562430,21
562650,24
562652,19
562653,24
562654,19
562655,18
562769,19
562771,20
562775,25
562780,
562781,
562782,19
562783,
562815,
562816,22
562817,19
562818,20
562819,21
562820,22
562821,
562834,
562881,22
562882,22
562883,21
562885,
562906,21
562907,19
562908,21
562909,21
562910,20
562911,
563178,
563179,20
563180,28
563181,22
563219,22
563220,19
563221,20
563967,20
564049,
564926,22
564981,27
564982,25
565332,
565621,27
566485,26
566503,23
566506,25
566620,23
566820,22
566835,42
567052,25
567380,24
567382,24
567441,23
567461,26
567786,19
568005,24
568034,24
568076,24
568110,23
568260,23
568479,
568678,27
568706,28
568715,18
568776,
568805,
568819,19
569006,
569045,28
569056,24
569129,24
569158,31
569163,22
569187,23
569194,23
569212,21
569224,22
569227,23
569281,23
569284,18
569378,
569422,22
569424,22
569688,25
569739,
569741,24
569783,21
569786,21
569787,20
569838,24
569851,
569859,21
569901,24
570001,18
570076,
570101,
570177,21
570187,21
570216,22
570305,
570381,20
570630,26
570734,23
570968,26
571097,18
571236,
571638,22
571710,25
571861,23
571865,18
571878,21
571879,20
571933,21
571956,20
571962,20
572031,22
572040,
572041,20
572044,
572067,25
572089,23
572092,23
572124,23
572128,23
572253,22
572413,21
572486,24
572654,22
572692,23
572864,
572937,23
572938,29
572941,28
572948,25
572949,
572950,25
572951,
572975,27
572976,24
572979,24
573003,22
573004,26
573005,22
573006,29
573120,
573177,27
573280,24
573353,
573522,
573531,23
573628,
573717,26
573746,22
573758,26
573889,29
574023,29
574331,
574353,22
574392,
574714,14
574723,
574920,22
575050,24
575124,21
575148,25
575157,17
575340,26
575363,19
575389,27
575400,19
575426,25
575431,16
575611,32
575697,
576106,
576216,24
576275,22
576387,17
576471,26
576507,25
576863,
577142,
577181,25
577351,23
577739,25
577891,19
577933,23
577936,
577992,22
578018,
578176,
578244,27
578359,21
578499,22
578758,22
578759,22
578978,45
578986,21
578996,
579047,26
579074,22
579123,23
579125,18
579126,18
579320,21
579466,
579479,
579501,
579567,30
579618,31
579660,
579661,22
579760,18
579778,20
579781,20
579799,28
579831,18
579895,
579912,22
579971,23
579985,
580009,25
580011,36
580012,24
580014,
580016,25
580017,24
580018,23
580019,24
580035,18
580040,25
580045,25
580048,24
580063,21
580070,18
580138,26
580267,22
580402,
580495,
580520,
580559,28
580563,22
580592,21
580646,24
580697,19
580825,30
580826,20
580976,25
581060,
581099,21
581100,20
581101,
581125,23
581145,21
581202,
581248,20
581249,21
581355,21
581362,
581364,20
581366,23
581391,21
581395,21
581398,20
581426,24
581427,
581429,21
581430,30
581466,
581519,23
581585,29
581637,
581638,22
581642,23
581748,17
581834,21
581874,22
581878,20
581985,20
582074,25
582108,
582205,21
582216,23
582219,20
582223,38
582257,24
582262,21
582406,
582411,22
582412,
582435,31
582527,26
582533,29
582567,20
582652,22
582655,20
582910,21
582936,24
582960,
582988,20
582990,
583007,20
583009,19
583012,44
583256,22
583257,
583265,18
583311,
583313,
583345,
583402,
583453,19
583461,
583468,24
583688,23
583802,20
583818,24
583920,18
584125,23
584127,24
584134,16
584429,23
584554,19
584736,28
584748,31
584934,
585083,
585270,18
585283,
585300,18
585443,26
585558,
585761,21
585856,27
585892,24
585924,22
585943,
585956,21
585957,
586001,18
586002,20
586004,21
586058,
586101,
586114,21
586135,25
586217,22
586234,18
586352,25
586355,26
586370,29
586404,18
586497,24
586570,25
586708,25
586738,24
586835,23
586844,
586866,22
586976,
586977,28
587026,25
587536,25
587537,22
587827,20
588023,
588025,
588028,
588054,
588065,
588073,25
588267,24
588289,24
588325,21
588338,23
588419,25
588438,
588484,20
588529,21
588538,19
588824,24
588851,19
588936,40
589010,20
589108,25
589161,25
589182,92
589184,17
589185,25
589188,
589189,
589192,19
589241,24
589248,21
589293,20
589398,22
589424,22
589427,26
589444,21
589556,21
589558,
589559,
589587,32
589600,21
589618,20
589619,
589620,21
589636,23
589678,24
589762,22
589780,
589830,
589913,34
589967,25
589971,23
590012,19
590081,20
590104,21
590105,22
590108,21
590109,18
590127,19
590168,
590169,19
590170,17
590189,19
590190,
590210,
590380,34
590528,
590529,23
590579,23
590583,21
590633,
590644,22
590691,21
590692,22
590730,30
590859,22
590860,
590911,22
591021,35
591084,12
591215,
591322,
591921,25
591933,20
592022,27
592098,24
592100,26
592134,33
592145,18
592176,22
592184,20
592192,23
592209,18
592210,21
592211,
592212,22
592213,
592242,19
592243,
592244,19
592246,21
592266,21
592267,22
592268,19
592322,21
592353,23
592392,24
592453,21
592455,23
592492,
592515,18
592574,24
592606,21
592772,26
593063,
593148,26
593294,18
593331,25
593453,19
593462,24
593589,23
593617,25
593618,23
593656,23
593717,24
593767,21
593986,
594102,
594106,24
594163,27
594222,24
594255,26
594269,23
594461,27
594504,21
594562,22
594614,16
594615,17
594652,
594714,18
594798,
594838,22
594839,
595001,
595059,22
595200,
595204,
595331,25
595333,22
595368,25
595410,23
595515,16
595753,27
596026,29
596070,
596637,31
596641,19
596646,
596671,22
596690,
596879,26
596892,26
597080,17
597110,20
597136,20
597137,
597260,
597275,28
597333,16
597356,25
597410,
597914,21
597974,21
597975,
597990,20
598066,24
598194,29
598222,24
598223,24
598227,29
598519,20
598754,24
598845,21
598961,27
598970,28
598975,19
599041,
599097,31
599098,23
599153,22
599616,31
599647,23
599665,
599809,
599816,24
600211,
600666,24
600928,
601085,26
601135,24
601203,19
601316,
601319,19
601593,19
601644,22
601675,18
601985,18
602159,23
602590,19
602789,
603081,
603085,
603176,24
603282,25
603335,20
603336,23
603461,
603488,28
603709,17
603927,16
603973,20
604002,16
604033,29
604184,16
604299,30
604444,
604587,37
604767,
604990,
605244,21
605277,
605768,22
605874,
606153,22
606357,24
606429,23
606448,
606457,22
606493,
606607,19
606672,
606695,
606874,
606941,20
607082,
607187,
607309,
607520,23
607523,24
607575,
608069,26
608127,24
608251,28
608502,
608539,20
608699,
608758,23
608774,26
608936,28
608985,33
609221,
609244,16
609291,24
609723,21
609777,22
610019,27
610031,26
610065,
610560,25
610700,29
610877,23
610931,28
611023,24
611180,19
611256,22
611451,21
611785,22
611802,23
612083,22
612180,22
612450,19
612461,
612468,26
612680,25
612693,23
612873,25
612878,20
612887,
613137,23
613222,26
613236,
613327,22
613398,26
613489,
613502,
613504,
613565,
613610,22
613638,27
613659,24
613838,24
613864,23
613939,24
614181,23
614269,23
614314,24
614319,29
614744,24
614790,
614795,26
614818,20
614866,27
615027,24
615291,
615395,25
615439,26
615590,
615602,27
615604,
615606,42
615700,23
615710,24
615739,26
615762,23
615763,23
615764,24
615798,26
615912,31
616638,20
616726,17
616756,24
616763,25
616849,25
616965,20
617004,19
617005,19
617406,
617481,35
617853,27
618299,
618368,27
618369,
618416,
618417,25
618577,23
618921,
619161,17
619202,19
619236,20
619239,
619255,23
619274,19
619492,
619519,19
619567,
619574,
619578,19
619580,19
619735,
619810,20
619951,19
619969,25
620030,19
620052,28
620181,
620205,20
620286,22
620500,20
620515,
620524,24
620636,21
620660,21
620751,
620781,23
621520,22
621522,
621576,23
621578,
621579,21
621587,
621618,19
621679,23
621683,24
621685,25
621720,23
621729,26
621745,25
621746,22
621747,26
621865,28
621912,25
621932,
621935,
621938,22
621984,24
621994,33
622117,23
622143,18
622178,
622194,
622228,16
622251,
622467,22
622490,24
622539,23
622616,
622621,
622644,19
622656,
622662,72
622753,18
622760,20
622793,27
622825,72
622959,
622988,17
623316,26
623480,18
623481,18
623482,
623483,13
623484,18
623486,20
623520,11
623522,18
623524,18
623526,
623539,17
623540,20
623541,
623542,19
623543,
623636,18
623637,
623638,
623639,
623668,
623669,
623670,18
623671,
623672,
623673,17
623674,
623675,19
623684,20
623686,16
623687,19
623705,22
623706,19
623707,
623708,19
623709,28
623710,
623711,19
623712,
623738,
623739,
623764,
623823,18
624176,21
624177,18
624260,19
624418,
624439,
624469,26
624481,18
624530,28
624651,
624840,22
624841,45
624844,19
624848,17
624853,31
624874,19
624875,19
624914,21
625000,
625001,23
625053,18
625054,25
625056,
625057,13
625058,
625059,26
625094,
625105,19
625106,18
625107,18
625108,19
625148,33
625151,17
625292,28
625745,19
625748,28
625777,
625793,26
625810,24
625860,
625861,26
626021,
626178,
626247,22
626251,19
626345,24
626424,24
626465,22
626468,
626470,27
626479,20
626499,25
626502,21
626569,23
626654,
626875,23
626910,27
626911,36
626918,24
626986,
626996,23
626998,29
627298,
627378,24
627418,
627420,23
627483,22
627577,26
627693,26
627774,
627790,26
628039,24
628140,
628382,27
628424,18
628434,30
628663,25
628827,25
628859,19
628892,22
629103,24
629208,22
629279,21
629300,20
629357,
629528,
629591,24
629626,25
629727,27
629961,
630017,22
630022,21
630128,30
630187,
630188,21
630189,18
630251,24
630394,23
630395,23
630398,20
630421,
630493,25
630524,21
630525,21
630565,23
630597,25
630599,23
630619,
630647,27
630771,19
630774,27
631075,22
631128,30
631227,32
631251,28
631567,25
631695,
631722,
631783,19
631853,
631902,
631977,20
632208,25
632420,25
632489,
632535,18
632551,25
632552,36
632625,29
632658,23
632698,30
632699,30
632826,25
632862,
632905,31
632917,32
632959,
632983,
632998,
633003,33
633004,31
633014,25
633081,22
633162,23
633631,
633665,29
634115,
634395,
634511,
634595,24
634913,23
634953,27
635052,23
635078,30
635169,23
635383,17
635432,26
635536,19
635759,48
636247,23
636451,25
636500,24
636553,23
636905,19
636992,20
637005,
637616,23
637865,17
637871,23
637887,19
638058,17
638082,
638159,21
638230,23
638232,27
638234,22
638248,19
638263,22
638285,24
638288,22
638289,22
638709,25
639230,
639531,22
639555,16
639748,20
639910,17
640174,26
640334,27
640397,17
640456,21
640505,18
640956,16
641088,
641112,17
641554,29
641608,23
641609,
641610,
641640,23
641642,23
641744,22
641880,22
641893,16
641895,18
641908,17
641946,
641947,17
641978,
642310,28
642472,21
642618,
642620,
642622,21
642652,14
642673,18
642684,11
642883,23
642979,13
642992,19
642995,19
643034,22
643049,21
643055,24
643067,23
643099,20
643106,
643108,26
643178,18
643228,33
643282,
643284,17
643310,
643311,18
643318,
643323,
643327,25
643358,32
643363,20
643373,24
643375,19
643381,20
643395,
643456,23
643486,20
643511,19
643622,
643664,20
643781,49
643850,
643979,21
643995,23
644035,18
644141,
644350,19
644371,20
644388,23
644419,
644607,
644642,20
644644,21
644655,20
644659,19
644661,22
644664,30
644809,
644880,19
644938,36
645026,24
645074,
645181,21
645261,20
645320,18
645338,19
645364,21
645380,27
645391,18
645413,
645660,
645668,27
645880,21
645882,27
646144,
646255,27
646266,23
646273,25
646315,27
646433,21
646499,16
646501,24
646502,
646566,19
646630,
646631,21
646693,22
646723,21
646899,20
646913,
646919,23
646958,21
646988,
647038,22
647097,28
647121,
647186,28
647193,28
647213,22
647342,21
647428,15
647443,19
647462,20
647463,23
647468,27
647489,
647501,20
647503,21
647512,
647522,
647524,16
647525,
647531,24
647630,
647648,24
647659,33
647671,21
647685,18
647722,23
647744,23
647762,18
647764,18
647774,24
647777,26
647850,
647912,
647957,21
647959,21
648013,
648040,27
648042,42
648045,23
648048,21
648095,27
648122,
648154,21
648173,21
648187,
648231,23
648234,16
648235,
648236,
648254,
648256,24
648257,23
648258,23
648272,22
648274,23
648275,23
648277,22
648359,
648369,
648372,17
648376,
648377,
648517,20
648518,21
648555,19
648611,16
648649,
648660,24
648752,18
648779,19
648793,21
648813,
648835,
648838,
648928,
648966,21
649033,19
649035,21
649050,24
649058,
649060,20
649081,18
649329,26
649766,
649892,
649915,22
649934,21
649955,24
649959,
650006,22
650028,
650275,
650355,
650451,21
650488,
650570,22
650605,21
650757,25
650947,
650991,33
651258,17
651270,
651272,20
651273,20
651274,20
651416,
651440,19
651442,18
651449,15
651481,21
651564,23
651565,26
651573,22
651574,
651616,24
651622,23
651630,22
651670,23
651818,
651892,23
651896,22
651914,
651989,
652021,
652031,27
652048,21
652083,21
652279,22
652433,28
652457,
652475,
652486,22
652539,19
652545,20
652569,28
652707,20
652784,24
652821,25
652891,
652893,23
652894,24
652903,
652952,
653003,22
653015,
653054,21
653087,22
653090,25
653100,21
653101,24
653102,24
653173,28
653194,22
653267,19
653280,
653298,
653305,18
653312,
653340,20
653343,21
653344,24
653448,19
653631,
653806,
653847,
653871,19
653918,19
654063,22
654133,24
654138,24
654195,
654196,22
654198,24
654227,25
654395,
654445,24
654466,18
654467,17
654469,18
654470,16
654579,23
654581,24
654851,23
654862,21
654888,29
654889,20
654953,24
655084,15
655219,27
655663,21
655727,25
655786,
655838,
655868,30
655870,
655952,21
655971,27
656019,
656021,29
656022,17
656023,28
656112,23
656113,20
656114,
656155,21
656199,
656233,
656365,26
656446,25
656452,28
656489,22
656521,29
656741,
656798,23
657086,17
657147,21
657201,
657220,28
657281,25
657410,
657514,25
657792,25
657795,
657845,24
657985,32
658265,21
658299,21
658304,
658305,24
658307,21
658360,29
658364,22
658367,21
658409,27
658652,20
658679,
658837,19
658854,25
658931,
659249,30
659357,23
659372,
659392,20
659419,32
659483,42
659514,26
659515,22
659539,19
659602,25
659639,41
659718,21
659719,
659926,
659927,
660048,24
660101,22
660131,23
660228,22
660271,19
660305,21
660351,23
660369,
660407,25
660421,
660713,22
660714,25
660770,19
660848,18
660932,26
661107,
661137,
661183,22
661225,30
661340,24
661432,12
661510,23
661513,
661556,21
661557,36
661561,
661579,21
661585,24
661640,
661683,22
661707,
661899,24
661942,22
661960,19
661979,24
662018,26
662043,20
662094,22
662118,24
662124,
662161,21
662234,23
662335,28
662352,
662474,
662480,
662564,24
662648,26
662705,25
662795,26
662985,28
663045,24
663172,
663198,31
663212,
663243,39
663429,24
663557,20
663584,23
663669,
663750,19
663769,24
663864,24
663914,24
663972,
663974,24
664398,
664555,23
664682,24
664778,
664810,44
664815,22
664974,34
665054,21
665414,23
665658,26
665835,
665837,27
665852,
665935,27
666072,26
666150,
666442,
666471,19
666612,23
666617,22
666656,27
666773,27
667378,21
668160,15
668172,24
668303,26
668308,20
668330,24
668641,
668814,21
668871,
668893,21
668973,
669045,28
669062,26
669386,24
669435,28
669550,28
669622,
669655,
669709,92
669710,18
669716,
669726,16
669807,22
670064,
670254,22
670297,25
670472,23
670473,
670507,
670509,23
670628,
670725,
671000,
671287,22
671498,16
671665,28
671681,31
671850,25
672103,20
672283,19
672942,21
672951,27
673033,22
673113,30
673219,27
673323,22
673368,15
673451,
673458,
673459,
673533,
673670,
673708,24
674110,36
674155,22
674156,21
674157,
674158,23
674160,23
674161,23
674166,35
674219,
674355,28
674556,24
674618,27
675062,23
675205,25
675254,
675459,15
675718,22
675731,25
675743,28
676000,26
676566,23
676901,25
676918,
677007,18
677119,24
677155,30
677189,25
677201,25
677238,24
677297,22
677615,25
677681,
677841,19
677866,23
678453,24
678455,24
679038,21
679162,22
679212,19
679497,29
679512,
679629,29
679772,25
679775,
679777,25
679822,21
679839,
679934,18
679981,26
680055,17
680076,20
680105,22
680132,25
680168,25
680184,
680187,23
680346,20
680645,
680872,34
681012,27
681128,27
681384,21
681517,24
681583,25
681729,24
681869,23
682248,23
682271,23
682274,23
682608,25
682625,20
682666,25
682678,25
682841,23
682880,26
682885,
682892,21
682940,22
682996,21
683049,
683054,25
683099,25
683167,25
683286,
683471,20
683494,20
683569,24
683653,24
683697,20
683743,25
683771,23
683791,
683797,27
683802,24
683869,23
683873,29
683887,22
683920,
684253,27
684335,
684484,20
684544,
684606,22
684661,
684670,24
684732,25
684739,25
684753,
684775,22
684847,
685002,25
685045,21
685050,27
685090,25
685091,24
685239,
685250,24
685310,
685354,22
685372,
685380,20
685382,21
685386,21
685410,21
685412,20
685576,
685633,27
685689,19
685710,23
685715,
685720,23
685751,24
686217,26
686334,23
686465,26
686496,25
686508,25
686510,
686789,26
686795,24
686800,17
686878,
686886,27
686899,17
686902,16
686919,24
687120,21
687121,21
687176,25
687252,24
687260,
687262,
687282,
687283,
687284,21
687311,21
687324,25
687353,22
687475,21
687492,
687610,
687788,12
687795,43
687803,31
687808,
687822,
687827,
687830,22
687833,
688293,25
688296,31
688299,23
688501,28
688511,26
688565,
688619,22
688735,25
689362,26
689416,23
689463,19
689466,21
689790,32
689957,
690177,31
690232,23
690236,21
690266,
690284,
690325,17
690329,22
690394,
690464,25
690498,25
690499,24
690501,25
690605,27
690807,25
690835,43
690836,30
690837,
690840,
690852,35
690853,18
690868,26
690885,20
690886,19
690887,24
690925,24
690934,24
690950,29
690951,24
691009,21
691010,23
691038,37
691039,26
691041,26
691042,
691179,21
691195,
691231,
691325,37
691352,
691411,
691422,
691423,29
691449,41
691451,42
691490,35
691853,29
691970,21
692231,24
692309,18
692470,23
692855,25
692859,
693142,28
693515,24
693618,20
694212,25
694340,20
694448,25
694686,20
694734,19
694889,23
695024,25
695128,
695172,20
695417,
695436,17
695558,23
695801,29
696445,18
696603,25
696856,21
697168,16
697193,40
697195,26
697196,32
697197,31
697205,35
697207,25
697230,25
697233,23
697495,26
697537,24
697721,21
697759,27
698136,27
698272,
698282,21
698496,24
698501,25
698777,
698967,26
699188,23
699287,25
699343,22
699447,29
699545,
699972,
700219,19
700365,27
700722,22
700917,19
701000,22
701043,25
701446,18
701718,27
701959,27
702048,
702315,24
702431,16
702517,
702539,24
702711,22
702970,27
702973,24
703006,26
703043,23
703118,32
703121,21
703134,
703149,30
703152,24
703226,18
703238,24
703312,
703356,23
703388,37
703492,20
703548,30
703674,24
703934,25
703978,23
704014,
704165,21
704312,27
704378,29
704410,28
704436,
704530,23
704594,23
704630,
704728,25
704733,22
704809,26
704880,23
704934,24
705128,25
705390,
705394,19
705598,29
705603,34
706072,
706353,19
706482,23
706552,
706609,23
706742,24
706743,27
707472,22
707637,
707642,
707669,
707758,26
707990,20
708021,25
708085,
708571,22
708590,20
708684,
708709,20
708887,34
708942,24
709052,20
709306,
709519,23
709878,21
709926,
710147,24
710227,23
710418,23
710436,24
710452,
710457,23
710458,24
710675,28
711316,24
711762,
711814,27
712124,
712338,20
712366,20
712367,
712402,
712406,26
712784,24
712793,25
712862,21
712952,24
713054,
713152,
713299,23
713538,
713866,36
713947,25
713990,34
714207,21
714458,
714797,24
715160,25
715177,24
715373,
715494,
715887,
716100,23
716493,19
716581,22
716623,24
716916,28
718055,22
718394,19
718718,25
719663,23
719704,21
719789,26
720294,
720523,21
720803,20
720923,24
720972,22
721403,19
721534,24
721691,28
721798,24
721943,25
722256,24
722445,
722637,28
722638,
722658,
722785,30
722813,25
722814,29
722850,24
722851,30
722922,25
722968,24
723255,25
723670,
723752,19
723912,28
724225,
724369,
724670,
725124,36
725125,31
725169,28
725171,20
725172,29
725176,20
725258,23
725328,39
725372,21
725431,23
725506,28
725513,
725941,30
726118,27
726396,28
726546,26
726658,32
726723,25
726753,23
726757,
726966,47
727079,
727219,35
727256,
727898,
727926,
728229,27
728408,
728503,26
728780,22
728810,25
728822,20
728898,23
729017,22
729033,24
729045,23
729052,18
729058,28
729060,
729063,27
729072,24
729074,23
729369,
729398,21
729452,24
729495,19
729511,36
729606,30
729674,22
729685,21
729956,22
729957,25
730245,34
730249,30
730255,31
730283,28
730302,
730303,33
730463,
730467,25
730501,
730756,20
730796,
730855,22
730876,
731001,20
731002,21
731004,24
731019,29
731034,
731054,
731265,20
731633,19
731710,25
731721,
731784,24
731785,24
731786,27
731787,26
731788,23
731806,
731808,27
731809,26
731876,24
731913,24
732135,26
732537,26
732943,30
732964,25
733028,24
733196,28
733415,22
733539,23
733584,23
733684,24
733743,
733828,
733954,25
734414,29
734602,21
734648,30
734815,25
734837,
735525,18
735569,24
735570,25
735587,
735588,25
735590,25
735668,21
735853,19
735971,24
736131,27
736312,22
736531,19
736640,23
736868,22
736926,24
737080,23
737098,24
737111,23
737139,
737214,29
737231,23
737233,22
737235,23
737236,
737385,19
737498,22
737531,18
737584,23
737628,21
737776,26
737779,
737925,
737993,29
738047,23
738104,23
738251,25
738551,20
738662,26
738683,22
738821,
738836,23
739056,19
739073,23
739103,
739106,23
739109,20
739130,22
739191,16
739306,26
739369,27
739923,
740067,20
740186,24
740208,26
740212,25
740412,18
740426,32
740505,19
740958,24
741148,22
741571,23
741636,24
741686,14
741689,
741758,
742166,26
742304,22
742337,21
742425,
742457,23
742479,17
742604,
742710,18
742734,
742755,24
742771,23
742928,25
743290,26
743422,
743730,19
743803,24
743817,24
744315,
744467,
744490,33
744833,19
744989,18
745098,17
745217,22
745406,25
745794,19
745931,21
746202,
746403,24
746459,15
746701,22
746733,23
746788,23
746855,19
746867,26
747371,28
747822,
748135,24
748204,25
748317,
748330,22
748527,25
748594,18
748607,18
748634,30
748693,26
748694,24
748804,24
748823,23
748902,25
748942,22
749031,
749032,24
749044,23
749366,22
749390,23
749409,27
751033,23
751571,20
751608,
751637,17
751678,
751693,
751694,21
751713,21
751738,23
752236,27
752478,
753107,47
753130,24
753186,27
753329,24
753335,20
753455,
753456,25
753458,25
753477,20
753565,25
753613,26
754259,
754316,21
754354,16
754564,23
754599,25
755497,24
755544,25
755762,25
755765,22
755767,19
755862,18
755863,
755892,
756107,24
756524,25
756529,21
756758,39
756871,17
757058,
757066,26
757384,22
757522,25
757523,21
757526,20
757527,24
757555,19
757565,22
757575,21
757614,29
757652,18
757709,29
757721,27
757726,21
757758,38
757886,28
757997,19
758075,20
758122,24
758124,23
758309,24
758365,17
758379,20
758390,
758430,17
758440,25
758467,18
758737,
758939,22
759533,22
759675,
759748,26
760323,24
760607,24
760629,
760648,15
760942,18
761022,25
761081,
761412,
761556,18
761578,23
761604,29
761615,36
761625,
761838,25
762143,24
762452,18
762483,25
763133,25
763376,25
763571,26
763595,24
763596,23
763653,24
764026,24
764028,26
764507,22
764531,
764572,
765141,19
765213,
765329,41
765706,16
765806,28
765858,
765924,25
765925,26
765963,23
765981,16
766005,
766060,25
766204,19
766792,22
766875,26
767010,19
767747,
767812,
767993,
769487,
769893,25
770863,20
770907,20
771026,22
771085,19
771221,
771236,24
771280,
771640,
771965,
772039,24
772209,25
772275,24
773111,27
773449,26
773539,24
774235,24
774278,22
774280,
774738,39
775052,
775147,
775298,
775314,33
775323,
775407,24
775675,26
775696,27
775729,24
775856,
776000,24
776111,25
776509,
776741,
776853,43
776854,
776855,27
776856,25
776858,29
776859,
776861,27
776862,25
776898,23
776899,27
776900,26
776902,27
776903,
776904,25
776905,25
776933,27
776934,27
776936,27
776937,24
776938,29
776942,22
776943,27
776944,27
776945,30
777008,24
777009,22
777010,26
777322,
777357,
777451,22
777475,
777690,18
777784,21
777822,23
778242,26
778344,24
778474,
778980,21
779078,
779142,25
779260,39
779270,23
779322,17
779800,23
779994,
780011,17
780083,
780271,22
780301,21
780337,
780364,26
780367,21
780378,21
780414,25
780515,
780561,
780616,23
780658,20
780660,
780682,34
780743,31
780744,
780745,
780759,
780760,27
780944,24
781340,34
781419,34
781452,33
781882,33
781954,18
781994,19
782140,28
782318,24
782550,24
782608,29
782636,
782777,21
782844,
783037,
783447,24
783564,25
783582,
783785,25
783831,26
783842,
783908,24
783910,27
784012,
784200,
784235,28
784257,30
784260,28
784370,
784832,30
784856,44
784910,29
785163,24
785250,
785488,22
785645,23
786004,19
786118,22
786571,19
786585,23
786586,26
786587,29
786949,26
786957,25
787073,17
787102,19
787104,22
787179,19
787214,23
787402,33
787403,19
787417,23
787418,25
787668,
787700,
787717,20
788049,18
788093,19
788314,19
788320,21
788482,
788496,
788500,17
788641,19
788676,24
788680,23
788726,
788788,24
788798,
788810,
788844,23
788892,
788899,
789049,27
789153,22
789156,29
789232,
789284,18
790110,16
790180,
790211,17
790212,
790213,18
790232,
790302,23
790375,21
790380,
790381,16
790427,
790525,
790596,16
790891,
791110,27
791566,
791766,24
791817,44
791916,20
791918,17
792446,26
792714,
792859,25
792897,
793041,
793203,18
793204,
793325,23
793474,
793810,
793816,21
793892,26
793909,
793991,24
793995,
794023,27
794116,
794326,21
794344,23
794346,23
794357,21
794448,25
794449,20
794588,
794604,21
794676,22
794773,
794872,22
794876,21
794878,23
794903,
794965,21
795142,30
795152,
795156,
795159,
795165,
795174,22
795269,
795306,25
795394,23
795549,20
795638,26
795707,23
795757,18
795964,37
796019,29
796184,26
796617,21
796618,21
796654,24
796752,21
797072,15
797174,18
797207,
797217,
797271,45
797321,30
797331,
797339,25
797453,
797498,
797896,26
797931,23
797950,24
798286,21
798310,27
798354,25
798652,25
798999,15
799000,16
799063,24
799183,30
799219,
799426,
799475,28
799486,
799963,
799983,24
801120,
801400,
801484,
801538,
801581,28
801758,19
802341,30
802554,21
802632,21
802658,
802792,25
802900,26
803185,25
803187,24
803253,27
803517,
803536,21
803655,17
803855,26
804198,24
804252,27
804309,25
805403,
805540,25
805751,22
805812,
805995,
806033,26
806211,27
806698,21
806902,25
807140,
807215,27
807216,26
807240,
807271,25
807482,22
807710,19
807867,31
807870,22
808085,18
808359,24
808440,14
808619,
809201,
809318,17
809373,
809416,21
809651,20
809723,24
809924,24
810526,18
810840,
810842,26
810976,22
811095,
811096,24
811098,22
811134,25
811160,19
811337,22
811453,21
811681,32
811708,21
812039,
812234,21
812446,25
812525,
812658,
813062,
813110,
813414,18
813574,24
813845,
813919,24
813979,20
814098,21
814149,
814361,25
814544,24
814557,24
814738,23
814850,26
815549,23
815760,21
815777,20
815779,23
815780,27
815811,27
815812,24
815826,21
815917,25
815929,21
816091,23
816128,26
816155,25
816174,27
816233,28
816251,22
816357,30
816517,26
816526,22
816586,
816751,22
816791,
817004,24
817165,25
817191,24
817207,21
817233,23
817348,20
817603,25
817606,
817630,25
817868,26
818086,
818098,44
818677,
818678,
819230,24
819231,
819285,21
819370,24
819527,18
819536,
819710,
819853,25
819971,30
820294,24
820297,24
820450,18
820476,24
820479,23
820500,23
820520,47
820685,25
820726,24
821225,
821270,
821449,
821936,27
821966,22
822015,30
822503,24
823003,19
823083,28
823085,23
823143,28
823214,39
823484,19
823635,25
823647,26
823723,
823764,28
823836,21
824129,21
824160,
824171,
824174,24
824252,25
824262,30
824304,20
824395,26
824422,25
824462,
824473,
824656,23
824693,22
825061,
825067,
825068,26
825158,17
825161,
825211,28
825213,26
825245,27
825246,26
825257,29
825258,
825274,
825275,25
825285,27
825286,23
825287,24
825294,
825295,24
825296,
825476,27
825477,22
825478,19
825479,23
825480,21
825523,20
825524,28
825525,
825526,
825600,27
825639,
825669,24
825899,15
826147,
826195,22
826243,23
826421,31
826591,27
826621,24
826641,
826982,36
826994,26
827291,23
827345,24
827416,23
827424,24
827426,27
827461,26
827756,30
827848,
827851,24
827858,
827866,23
827871,
828072,25
828076,29
828077,23
828105,
828295,35
828356,24
828357,26
828369,33
828620,33
828659,
828762,
828950,24
829058,27
829205,
829230,29
829236,27
829357,26
829459,21
829520,23
829522,20
829566,
829773,27
829836,27
830616,24
830618,
830842,20
830969,20
831148,17
831246,
831531,
831641,23
831690,24
831758,26
831855,25
831964,26
831972,28
831982,
831984,27
832003,29
832004,23
832110,38
832123,23
832131,21
832132,
832141,20
832283,23
832338,
832823,
833345,21
833449,
833518,30
833558,22
833946,
834476,
834586,25
834843,23
834862,22
834877,25
835684,25
835856,26
836230,26
836233,
836245,26
836375,26
836507,
836537,24
837172,
837265,23
837330,30
837514,29
837946,
838556,
839106,24
839276,22
839290,23
839364,24
839559,
839577,33
839595,
840178,
840262,28
840281,
840783,28
841005,
841058,17
841305,23
842254,26
842270,
842390,30
842397,
842584,22
842585,23
842958,26
843165,23
843172,18
843446,
843466,20
843468,
843487,22
843488,22
843489,
843692,23
843693,22
843774,17
843964,20
844034,
844574,29
845087,21
845232,27
845482,
846806,36
846845,33
846946,
847018,
847019,18
847113,17
847167,14
847229,21
847273,24
847286,25
847335,20
847431,22
847562,23
847616,35
847661,
847767,22
847826,25
847942,25
847992,
848016,
848144,31
848215,19
848232,
848361,21
848570,
848788,23
848828,23
848829,23
848962,
848966,27
849046,
849161,25
849237,23
849238,25
849431,28
849483,
849573,19
849638,22
849639,20
850187,23
850461,
850934,20
850975,
851110,
851157,
851171,28
851539,22
851741,
851846,
851868,30
852041,21
852090,
852235,
852289,28
852333,
852445,19
852513,
852630,24
852685,25
852865,24
852902,26
852907,
852919,23
852979,25
853039,
853184,
853251,25
853283,28
853287,16
853318,26
853321,24
853364,21
853369,21
853375,
853531,
853692,18
853737,
853750,17
853759,17
853780,24
853789,
853884,32
853949,19
853959,
853990,
854016,38
854055,19
854088,26
854092,37
854147,21
854150,
854209,
854249,25
854334,24
854341,21
854382,
854409,
854465,
854474,
854482,17
854499,22
854518,
854529,
854584,25
854601,30
854648,27
854794,25
854830,22
854831,19
854921,44
855021,15
855098,25
855148,23
855268,24
855348,25
855386,
855392,22
855432,
855541,24
855562,
855564,27
855726,25
855737,22
856218,25
856269,26
856319,25
856336,
856359,25
856502,23
856825,37
856994,
857239,26
857396,
857495,18
857523,
857570,19
857724,21
857736,13
857771,30
857791,27
857854,23
857917,22
857945,21
857957,22
858036,
858048,18
858102,32
858112,24
858115,21
858128,
858147,
858170,
858238,24
858248,24
858279,25
858325,
858327,
858368,27
858463,
858495,32
858553,32
858554,21
858610,
858648,
858754,
858771,21
858852,22
858863,18
859027,21
859036,22
859045,38
859058,20
859059,23
859060,21
859082,28
859083,23
859195,25
859204,21
859213,
859214,26
859216,
859289,40
859306,27
859328,19
859348,
859369,22
859372,21
859425,
859488,
859494,20
859521,16
859524,
859568,23
859636,22
859640,24
859654,23
859657,
859659,25
859670,
859681,24
859752,
859790,
859826,23
859827,24
859840,
859851,21
859865,
859866,21
859873,24
859889,
859897,30
859925,26
859927,27
859928,26
859956,31
859959,34
860083,21
860094,21
860095,
860108,
860131,21
860184,
860198,24
860209,
860226,33
860244,19
860247,22
860255,22
860256,30
860264,
860338,23
860439,32
860531,
860678,23
860767,24
861086,26
861146,
861389,29
861400,
861405,25
861448,26
861560,28
861653,
861715,20
862047,21
862109,
862266,28
862303,22
862423,18
862559,11
862560,8
862623,
862633,25
862645,23
862788,
862805,23
862806,
863180,26
863768,22
863930,25
864042,28
864341,21
864726,33
864876,41
864930,
865040,22
865055,
865569,23
865656,
865747,
865918,
866136,
866557,24
866877,25
867109,
867258,
867386,19
867480,26
867490,25
867882,19
867962,23
868463,29
868500,
868819,
869025,24
869296,
869381,24
869440,
869785,25
870006,35
870354,
870611,23
870652,
870672,20
870756,24
870806,
870828,23
870841,
870849,24
870882,25
870913,28
870930,23
870952,25
870953,23
871028,19
871476,24
871777,24
871875,21
871902,29
872109,27
872270,25
872571,25
872875,
872892,26
873021,20
873117,33
873218,
873331,
873359,19
873360,23
873374,19
873387,
873457,22
873467,22
873487,
873532,
873555,
873556,23
873649,23
873679,
873700,23
873764,22
874180,23
874223,21
874513,20
874608,25
874789,21
874796,
874832,
874885,22
874945,20
875016,24
875038,20
875140,
875454,24
875643,22
875829,21
875974,26
876160,23
876181,23
876183,24
876184,
876185,26
876213,27
876418,25
876494,
876791,25
876889,24
876890,23
877032,34
877325,20
877336,26
877367,19
877549,25
877606,
877943,27
878129,21
878160,25
878202,25
878244,24
878268,
878276,24
878278,24
878599,19
878802,24
878844,23
878861,
878862,22
879117,19
879232,
879413,
879472,27
879493,39
879534,30
879605,46
879622,25
879735,26
879772,24
879783,23
880063,25
880153,25
880309,
880357,
880400,26
880401,18
880495,44
880519,
880522,27
881006,23
881012,23
881081,
881118,25
881217,31
881343,24
881492,
881622,22
881822,30
882448,
882578,25
882687,22
882905,21
883036,21
883397,4
883426,28
883623,17
883774,25
883775,25
883797,
884140,43
884255,29
884474,21
884572,27
885513,31
885682,26
886699,22
886843,21
886915,33
886956,
887048,24
887092,21
887427,18
888360,
888361,44
888404,21
888472,18
888568,28
888646,
888733,22
889143,21
889429,25
889503,
889631,27
889930,20
890312,
890332,27
890855,
891012,
891057,23
891220,27
891275,24
891470,23
891520,26
891570,25
891683,25
891811,
891886,22
891897,25
892077,40
892101,
892201,26
892348,20
892509,25
892512,24
892833,
892886,
892908,16
893206,
893218,27
893393,
893420,23
893772,
893791,
893944,28
894055,25
894129,26
894563,
894565,18
894692,25
894806,26
894885,27
894983,30
895284,24
895288,26
895521,24
895539,23
895542,22
895778,24
895883,
895920,25
895981,22
896141,
896142,20
896151,25
896714,21
896983,22
896998,
897000,22
897068,25
897188,34
897284,
897567,21
897820,33
898097,19
898358,21
898575,25
898608,26
898609,26
898729,26
898853,24
898931,27
899067,26
899127,24
899136,30
899225,27
899309,26
899339,27
899398,
899863,24
899865,30
899901,27
900001,
900335,32
900610,23
900687,30
900747,
900806,
900848,26
900962,
901020,27
901274,28
901423,22
901455,24
901817,26
901819,21
902116,24
902458,17
903457,
903995,
904498,29
905013,21
905150,24
905156,27
905541,
905560,18
905575,
906024,
906048,30
906221,24
906228,28
906256,
906257,53
906403,38
906682,26
906885,11
906944,25
906986,23
907248,25
907518,21
907919,24
908432,28
908496,25
908583,24
908635,19
908678,24
909720,19
909782,
909859,26
909997,30
910094,24
910112,24
910173,
910284,
910421,23
910559,38
910680,23
910723,
910771,
910832,
910855,24
910868,29
910954,23
910962,30
911011,37
911151,32
911208,27
911252,27
911467,23
911521,24
911531,
911549,
911550,22
911574,
911575,
911576,22
911585,23
911587,23
911589,27
911611,26
911661,33
911716,
911895,28
911896,29
911916,30
911917,
911918,24
912046,21
912089,25
912105,
912106,24
912173,
912280,28
912309,26
912744,31
913010,
913011,26
913013,24
913020,28
913044,24
913105,22
913174,
913183,46
913343,24
913424,29
913525,
913753,26
913814,21
913862,
913902,25
914022,24
914087,43
914109,20
914382,
914413,24
914488,
914493,30
914684,37
914827,21
915079,23
915081,26
915088,25
915089,
915090,30
915091,23
915092,
915093,
915101,33
915102,
915105,24
915106,
915107,29
915120,
915121,103
915122,
915187,
915202,
915222,24
915224,22
915302,
915315,21
915322,21
915347,
915355,40
915359,27
915366,24
915459,
915468,
915481,25
915509,25
915538,27
915652,
915742,26
915802,21
915850,22
915851,20
915911,
915947,22
915969,30
915972,24
916042,23
916069,
916071,23
916083,29
916109,29
916112,24
916113,23
916133,
916182,21
916226,
916359,23
916519,
916534,29
916537,28
916545,27
916583,22
916663,
916763,
916787,
916823,24
916976,25
917033,30
917090,28
917120,
917173,23
917505,24
917689,24
917717,23
917847,27
918041,29
918055,30
918062,25
918097,22
918346,32
918608,28
918620,27
918927,31
918947,23
919411,34
919513,53
919559,
919574,
919595,29
919632,42
919743,
919766,24
919928,
920184,
920525,18
920675,26
920697,29
920730,25
920742,22
921292,20
921422,25
921525,30
921575,19
922241,22
922291,26
922298,
922562,25
922754,28
923176,15
923328,23
923399,29
923590,
923615,
923622,32
923963,27
924051,21
924245,25
924326,
924957,33
924967,25
924972,25
924974,25
925063,24
925073,18
925082,
925338,24
925680,21
925952,25
926627,
926715,30
926828,24
926852,28
926934,25
927471,25
927505,21
928079,37
928290,25
928632,30
928763,
929121,41
929169,22
929425,
929707,
929865,23
929889,32
930257,46
930274,23
930312,21
930513,29
930637,
931452,
931780,31
932186,23
932211,21
932621,
932660,29
932690,21
932737,23
932752,18
932756,33
933190,
933538,23
933575,29
933734,24
934059,27
934473,
934828,
935228,23
935398,28
935423,
935479,25
935554,
935555,18
936056,
936265,
936322,24
936863,23
937151,
937350,17
937403,
937779,25
938033,31
938123,18
938186,
938267,
938547,27
938838,30
938875,
938988,24
939427,23
939540,
939956,
940025,
940175,
940749,27
940880,
941340,25
941882,
941952,22
942352,23
943073,24
943742,
943781,30
943804,
944027,26
944241,24
944316,27
944317,
944769,35
944790,38
944937,24
944950,27
945069,
945108,35
945110,21
945151,
945167,25
945168,25
945275,21
945404,
945427,24
945434,16
945435,16
945437,
945438,25
945713,21
945734,25
945779,
945832,33
945868,25
945948,25
945949,37
945961,
945983,
945986,22
945988,
945989,22
946013,28
946014,
946031,24
946040,
946041,
946096,
946097,27
946564,19
946587,24
946616,25
946971,
947406,25
947573,22
947606,24
947760,28
947940,25
948063,28
948426,23
948465,23
948475,
948560,21
948620,
948668,27
948679,
949410,
949491,
949496,
949610,32
950010,20
950519,
950528,
950799,22
950908,29
951110,29
951220,25
951303,21
951863,25
952077,
952078,22
952106,19
952188,25
952289,21
952471,28
952594,29
952705,19
952754,25
953003,23
953273,29
953394,25
953406,32
953922,
953999,18
954206,27
954208,25
954684,29
956044,25
956715,20
956972,31
956973,28
956974,26
956975,
956980,
956981,29
956982,30
956983,30
956998,28
957103,
957595,
957661,108
957934,28
958085,24
958300,
959181,
959398,44
959723,22
960597,16
961291,24
961571,27
961883,34
961944,19
962114,26
962241,27
962313,
962636,
963235,20
963520,
963718,23
963754,
963755,37
963797,23
963800,31
963989,25
964541,
964671,27
964766,19
965144,25
965481,24
965528,23
965529,23
966091,25
966350,26
966474,22
966841,26
966842,21
966883,20
966903,
966931,26
966985,21
967014,27
967062,34
967176,24
967240,21
967567,19
967674,25
967788,
968017,
968125,27
968195,
968233,22
968288,24
968414,
968517,
968534,23
969024,26
969263,25
969300,20
969986,23
970328,23
970481,23
970622,23
971449,
971475,27
971766,
972376,25
972579,
972782,23
972968,
973371,23
973480,21
973636,25
973944,19
973948,26
974287,24
974477,
974535,24
974545,
974583,25
974694,29
974957,18
975029,30
975059,22
975081,
975263,27
975400,38
975930,24
976053,30
976349,39
976536,22
976735,
976939,
977020,25
977078,26
977198,28
977567,33
977789,22
978389,25
978438,25
979146,
979240,32
979959,18
980000,24
980317,
981545,
981738,
981790,27
982102,26
982171,
982236,23
982273,
982286,21
982484,25
982512,27
982614,23
982702,19
982766,35
982840,
982957,17
983102,19
983362,33
984232,24
984588,27
984876,28
984936,27
984984,22
985106,22
987067,21
987121,25
987530,
987687,24
988428,
988612,
988902,20
988942,31
989064,
989515,26
990298,
990425,38
991291,28
991610,
992007,
992176,18
992518,23
992892,21
993296,17
993444,30
993796,20
994879,17
995085,29
995207,
995221,
995615,
995674,
995735,25
995740,28
995819,
995978,
996025,29
996039,24
996406,25
996463,25
996724,
996731,29
996813,21
997132,21
997140,25
998056,30
998373,22
998465,
998518,28
998686,40
998949,22
999000,21
999130,
999434,25
999552,24
999977,24
1000035,
1000265,
1000376,
1000421,24
1000457,
1000619,24
1000776,35
1001206,27
1001287,37
1001402,31
1001589,24
1001661,
1001886,23
1002413,
1002494,34
1003204,32
1003282,44
1003325,16
1003569,29
1003589,49
1003867,23
1003910,
1004024,
1004114,26
1004288,
1004338,
1004384,21
1004832,40
1004901,30
1004929,25
1005147,24
1005292,24
1005294,18
1005295,
1005328,22
1005343,21
1005362,22
1005498,25
1005549,23
1005577,22
1005636,32
1006738,
1006868,22
1006869,
1006939,
1006945,22
1006980,29
1007098,
1007621,25
1008031,24
1008169,34
1008189,26
1008319,
1008751,31
1008845,22
1008849,23
1008851,27
1009505,27
1009651,25
1009698,24
1009981,29
1010107,24
1010238,
1010363,25
1010530,18
1010609,
1010805,24
1011093,
1011310,
1011414,31
1011425,20
1011590,31
1012349,26
1012409,27
1012552,
1012617,
1012676,
1012870,26
1013076,25
1013120,
1013395,23
1013398,35
1013464,37
1013479,27
1013511,
1013680,20
1013796,
1013813,
1014282,23
1014624,93
1014787,
1015087,22
1015321,22
1015465,26
1015580,26
1015612,24
1015974,26
1016003,29
1016120,20
1016135,29
1016400,21
1016449,33
1016753,33
1016768,
1017536,21
1017896,30
1018014,
1018189,26
1018595,27
1018881,24
1019005,24
1019755,24
1019891,25
1020493,29
1020596,
1020604,18
1020958,14
1021037,30
1021201,
1021248,27
1021275,
1021319,24
1022067,
1022499,37
1022519,23
1022910,33
1023036,
1023104,24
1023308,25
1023740,
1024054,27
1024180,24
1025481,37
1026443,
1026660,
1026872,
1026925,24
1026944,25
1026991,22
1027018,22
1027172,25
1027229,49
1027329,
1028356,28
1030555,24
1030768,24
1031036,25
1031246,
1031282,27
1031621,32
1032017,27
1032233,
1032390,
1032501,22
1032999,26
1033847,17
1033898,30
1034081,24
1035155,25
1036115,44
1036844,28
1037712,
1038629,14
1040432,
1040766,25
1041550,23
1041989,
1042295,22
1042302,28
1043072,
1043166,24
1043189,26
1043303,24
1043317,26
1043345,29
1043866,21
1043917,33
1044392,
1044551,28
1044687,
1045222,35
1045377,41
1045395,
1045939,28
1046116,32
1046368,38
1046985,24
1047622,
1048183,24
1048347,
1048966,26
1050003,
1050169,28
1050273,24
1050274,23
1050286,27
1050335,30
1050411,
1050575,31
1050766,31
1050908,19
1051053,
1051086,30
1051393,24
1051515,54
1051526,23
1051546,28
1051712,32
1052064,
1052121,59
1052257,24
1052275,17
1052317,25
1052423,
1053081,27
1053590,19
1053835,
1054108,29
1054291,22
1054328,27
1055472,27
1055664,
1055763,23
1056019,26
1056028,4
1056103,
1056562,25
1056604,27
1056661,47
1056709,
1056864,29
1056957,
1057118,27
1057157,20
1057283,17
1057848,27
1058092,24
1058234,28
1058485,24
1058797,22
1058947,30
1059037,25
1059200,28
1059264,26
1060085,21
1060522,
1060712,21
1060894,
1061940,28
1062024,23
1062065,
1062296,27
1062899,
1064655,23
1064689,21
1065273,23
1065310,
1065388,25
1065701,25
1066060,33
1066061,37
1066514,
1066594,
1068106,23
1068811,26
1069221,27
1069458,
1070042,24
1070524,24
1071312,25
1071540,27
1072152,31
1072197,38
1072203,28
1072213,
1072376,24
1072605,22
1072958,32
1073289,25
1073322,19
1073564,26
1073601,27
1073645,23
1074852,
1075683,
1075761,
1075885,31
1075889,31
1075908,26
1076613,
1076756,
1077068,26
1077182,18
1077202,32
1077455,
1077894,
1079400,28
1080793,
1080840,24
1081360,24
1081459,
1081488,
1081513,27
1081522,25
1081523,24
1081526,25
1081527,
1081549,23
1081553,23
1081560,23
1081614,
1081615,30
1081616,33
1081617,
1081628,39
1081973,20
1082091,28
1082427,23
1082728,
1082776,24
1083252,28
1083418,27
1083822,19
1084214,
1085172,32
1085189,
1085792,
1085880,
1085943,31
1085944,25
1086235,48
1086550,24
1086936,
1087118,
1087178,27
1087715,21
1087888,26
1087915,20
1087928,28
1088665,21
1088747,22
1088758,
1088837,21
1088870,37
1088934,
1089268,29
1089315,36
1089338,25
1089545,39
1089557,26
1089574,
1089577,28
1089595,25
1089647,29
1089703,27
1089731,34
1089734,
1089770,31
1089954,27
1089997,
1090100,34
1090127,
1090177,36
1090179,35
1091446,23
1091781,27
1092186,
1092190,28
1092387,26
1092482,22
1092491,
1092763,23
1092817,25
1092864,
1092983,21
1093089,29
1093250,
1093359,
1093466,38
1094127,28
1094267,23
1094535,28
1095482,23
1095562,
1096109,31
1096221,35
1096489,
1096884,24
1097040,
1097059,26
1097067,26
1097068,28
1097111,
1097119,48
1097169,
1097175,26
1097281,33
1097300,25
1097344,29
1097869,29
1098038,18
1098253,27
1098414,31
1098765,28
1099268,26
1099413,26
1099526,24
1100008,32
1100028,30
1100293,31
1100428,36
1100748,25
1100833,22
1100954,29
1101164,19
1101196,25
1101311,25
1101862,26
1102261,22
1102345,
1102423,23
1102560,25
1102688,25
1102689,25
1102880,25
1102928,26
1102938,24
1102967,21
1103014,33
1103119,24
1103244,26
1103245,25
1103723,
1103839,24
1103934,24
1104060,24
1104177,24
1104194,26
1104195,25
1104397,43
1104455,42
1104525,30
1104543,37
1104745,31
1105126,25
1105378,24
1105425,26
1106518,25
1106678,
1106834,26
1107309,31
1107384,
1107468,25
1107497,
1107802,31
1107979,
1107988,29
1108007,28
1108113,
1108523,27
1108931,22
1110242,25
1110275,30
1110506,27
1111204,
1111546,21
1111780,24
1112183,25
1112264,28
1112423,25
1112453,11
1113511,25
1113729,
1114065,29
1114219,40
1114392,
1114551,25
1114602,28
1116648,25
1116694,
1116823,34
1117665,21
1118173,
1118393,
1119081,22
1119334,26
1119391,
1120127,
1120637,
1120732,
1120875,23
1120884,
1120984,25
1121236,21
1121314,31
1121615,30
1121647,23
1121691,25
1121698,
1122199,31
1122230,
1122526,33
1122553,33
1122558,
1123214,26
1123297,
1123874,25
1123919,22
1124224,
1124274,26
1124606,23
1125245,
1125381,
1125437,28
1125597,
1125816,27
1126325,26
1126396,
1126581,24
1126710,
1127806,
1128078,
1128372,
1128380,25
1128633,32
1128638,32
1128731,
1128790,23
1128832,23
1129136,24
1129569,25
1129735,22
1130139,24
1130651,
1131061,25
1131421,45
1131584,
1131781,29
1131929,27
1131989,
1132418,
1132463,21
1132740,24
1132752,24
1132881,
1132888,26
1132973,27
1133255,25
1133604,24
1133912,21
1134514,28
1134883,23
1134929,
1136528,17
1136885,
1137247,17
1137295,30
1137998,
1138344,26
1138468,23
1138747,25
1139590,
1139795,49
1140077,43
1140671,
1143272,24
1144025,24
1144281,46
1144434,
1144890,24
1145192,
1145474,26
1146061,27
1146566,23
1148806,43
1148818,31
1148867,
1149040,24
1149256,27
1149367,28
1149368,27
1149370,28
1149826,23
1149854,
1149858,
1149967,
1149981,23
1150012,30
1150042,
1150055,
1150339,39
1150986,
1151074,22
1151088,
1151135,
1151166,30
1151175,32
1151176,
1151231,31
1151376,
1151410,
1151439,28
1151440,24
1151554,
1151657,26
1151825,
1151922,37
1151926,
1151930,25
1151943,25
1151959,
1151997,27
1152060,32
1152120,29
1152189,30
1152410,23
1152466,45
1152618,34
1152648,27
1152775,
1152815,35
1152828,
1153000,33
1153054,26
1153302,27
1153974,
1154088,27
1154342,25
1154449,42
1155437,32
1155549,
1155783,
1156319,26
1156666,28
1156915,
1157364,
1157579,52
1157822,33
1158003,24
1158011,
1158018,28
1158137,23
1158151,49
1158447,33
1158448,
1158449,
1158456,28
1158472,
1158511,23
1159262,22
1159289,28
1159308,26
1159504,25
1159505,35
1159603,
1159698,22
1160598,25
1161007,35
1161221,
1161227,31
1161228,32
1161333,
1161458,33
1161488,
1161521,31
1161612,28
1162328,25
1162822,
1162866,27
1163167,
1163363,
1163918,30
1165531,
1165623,
1166385,19
1166442,
1166881,25
1166929,28
1166963,25
1166990,39
1167083,28
1167314,
1167544,23
1168006,
1168362,26
1169106,28
1169715,32
1169789,21
1170031,24
1170307,20
1170370,31
1171184,
1171225,36
1171427,19
1171458,
1171519,
1171548,
1172250,
1172810,
1173184,20
1173304,25
1173721,
1173863,47
1173916,
1173961,
1174809,
1174811,49
1174918,
1175068,
1176904,36
1177115,
1177239,37
1177308,31
1177311,
1177315,
1177330,27
1177353,46
1177418,32
1177433,27
1177434,34
1177511,
1177517,33
1177523,33
1177524,25
1177526,36
1177529,37
1177530,41
1177531,37
1177540,33
1177543,
1177551,44
1177555,25
1177652,24
1177973,22
1177994,
1178216,26
1178258,26
1179138,
1179214,
1179553,24
1180110,
1180845,
1181047,29
1181263,29
1181905,39
1182181,26
1182325,34
1182714,31
1182770,24
1183187,24
1184065,25
1184330,23
1184663,
1185495,27
1185729,25
1185959,32
1186854,30
1186957,31
1187088,
1187204,
1187259,
1187337,27
1187350,
1187360,27
1188913,28
1189079,
1189724,
1192705,
1192816,27
1192879,42
1193844,26
1194760,27
1195791,
1196099,26
1196100,
1196224,26
1196483,112
1196495,27
1196499,27
1196733,
1196734,
1196772,
1197068,
1197373,
1198822,33
1200200,
1200920,67
1200930,
1201437,
1201473,
1202339,
1202928,27
1203001,27
1203002,34
1203174,27
1203204,31
1203216,
1204004,22
1204858,
1205640,27
1206249,24
1206293,27
1206941,
1207289,23
1207838,24
1208940,32
1210268,27
1210367,21
1210458,
1211684,37
1212424,25
1213589,26
1213806,26
1213807,28
1214078,21
1214340,23
1214947,22
1215137,36
1215319,21
1215595,39
1216891,28
1216963,
1217053,
1218478,31
1218832,19
1220230,17
1220369,38
1221172,28
1221746,
1222787,25
1223166,36
1223617,27
1223624,23
1223979,24
1224935,
1225038,28
1226059,30
1226606,25
1226733,30
1227260,37
1227568,
1229893,
1229977,23
1230321,
1230520,27
1230580,
1230727,
1230999,31
1231107,24
1231287,29
1232100,
1233007,27
1234431,25
1234563,
1234689,45
1235015,
1235455,47
1236059,20
1236305,21
1236486,
1236797,34
1236903,
1237413,22
1237482,27
1237538,34
1237545,
1237650,34
1237843,31
1238764,28
1239211,25
1239213,27
1240182,23
1241308,25
1243104,
1243431,26
1244207,
1244507,25
1244696,40
1245164,20
1246488,
1247139,25
1247944,45
1248530,39
1248735,29
1249084,25
1249085,27
1249115,43
1249930,30
1250464,
1251229,27
1252545,
1252586,24
1253538,25
1253953,27
1254132,25
1254152,24
1254197,
1258252,31
1258450,21
1259619,
1260478,28
1260730,
1261355,19
1261467,45
1261667,37
1262781,
1264920,
1265098,33
1265254,35
1265255,
1265348,33
1265556,46
1265557,
1265558,
1265559,33
1266050,
1266699,27
1266988,
1270566,26
1272145,
1273178,20
1274762,42
1275062,
1275283,18
1276669,15
1276822,24
1277442,25
1278575,
1279505,25
1279794,25
1280175,
1280323,26
1280597,23
1281539,9
1281686,
1282565,
1284739,39
1287355,
1287364,24
1291659,
1291912,33
1292788,27
1294709,44
1294814,28
1294888,
1295408,27
1295447,23
1295669,30
1296341,25
1297110,28
1297984,41
1299063,26
1299106,25
1301983,28
1303015,
1303360,26
1303919,17
1303964,39
1305362,30
1306401,23
1306525,24
1306577,25
1307611,
1308468,23
1311311,31
1311423,26
1313740,22
1314163,27
1314779,28
1314826,28
1315042,31
1316747,33
1317116,21
1317118,30
1317390,25
1317402,33
1318046,
1318835,25
1318900,24
1321025,31
1321183,23
1321214,18
1321434,28
1323630,
1323763,34
1323882,
1324075,
1324412,24
1325389,37
1327935,62
1328046,32
1328556,21
1329342,25
1332078,
1334265,24
1334605,34
1336072,23
1336140,29
1336303,24
1336626,
1336628,26
1336811,18
1336899,37
1338082,27
1338576,24
1338918,26
1339173,41
1341135,
1345156,30
1345299,25
1345452,
1346880,31
1346894,33
1346918,
1346991,43
1348647,
1350626,
1350754,
1351335,27
1351765,19
1354056,36
1356277,
1358203,28
1358452,
1359054,
1360148,23
1361854,
1364896,25
1366257,26
1366348,
1367735,
1370634,
1370643,25
1371999,23
1372067,19
1372939,
1374443,
1374769,21
1381484,44
1386690,22
1387317,24
1387909,
1387981,43
1388817,
1389170,25
1392413,
1392638,31
1392758,24
1394041,25
1394787,
1396434,21
1397595,
1397660,25
1397859,55
1397964,35
1400694,
1401597,23
1401697,27
1402748,26
1402772,24
1403836,49
1409263,29
1409530,25
1409989,29
1414744,
1415197,25
1417597,23
1418235,27
1421067,
1422383,28
1424730,
1424875,
1427467,52
1428083,29
1430507,
1435596,36
1437280,
1438346,32
1442848,
1443065,35
1443168,
1443238,25
1443487,
1443587,35
1443590,
1443712,48
1448117,
1448268,
1449255,
1452144,
1453036,
1455618,51
1455732,
1455837,27
1457973,
1458269,38
1460445,31
1460684,23
1462817,25
1463445,27
1464407,30
1467006,18
1467034,26
1467370,
1467581,25
1468446,27
1470149,30
1473684,
1473764,
1476327,27
1477448,25
1478543,26
1480654,28
1488676,
1490363,29
1495285,35
1499683,28
1514283,
1514515,29
1517401,46
1521776,
1521870,
1524446,
1525342,30
1525457,30
1531443,28
1534293,
1543784,
1546984,
1548121,34
1551700,
1554821,47
1555352,9
1565162,
1565260,
1565290,
1566755,
1577033,
1583062,
1588682,19
1594451,18
1600785,40
1610718,
1613031,
